{"stats":{"minecraft:picked_up":{"minecraft:iron_chestplate":6,"minecraft:wheat":346,"minecraft:chainmail_boots":2,"minecraft:flower_pot":2,"minecraft:smithing_table":1,"minecraft:lead":2,"minecraft:potion":2,"minecraft:enchanted_book":3,"minecraft:string":33,"minecraft:raw_copper":50,"create:limestone":5,"minecraft:iron_leggings":6,"minecraft:armor_stand":4,"minecraft:purple_banner":1,"minecraft:cobbled_deepslate":303,"minecraft:rose_bush":1,"minecraft:calcite":1,"minecraft:iron_pickaxe":1,"minecraft:enchanted_golden_apple":1,"minecraft:iron_boots":4,"minecraft:furnace":1,"minecraft:tipped_arrow":5,"minecraft:stick":16,"apotheosis:gem":12,"minecraft:acacia_fence":1,"quark:cherry_chest":2,"minecraft:torch":33,"minecraft:porkchop":2,"minecraft:cherry_log":355,"minecraft:pointed_dripstone":24,"tombstone:grave_dust":23,"minecraft:diorite":1,"minecraft:golden_chestplate":1,"sophisticatedbackpacks:pickup_upgrade":1,"minecraft:rotten_flesh":57,"farmersdelight:rope":1,"minecraft:cod":2,"minecraft:cobblestone":303,"minecraft:birch_log":7,"minecraft:pink_petals":88,"minecraft:leather_chestplate":4,"minecraft:cooked_beef":1,"minecraft:cherry_planks":247,"minecraft:cherry_leaves":79,"minecraft:water_bucket":1,"minecraft:andesite":11,"minecraft:potato":60,"minecraft:tuff":1,"create:raw_zinc":4,"minecraft:cherry_fence":2,"trials:trial_key":6,"minecraft:lapis_lazuli":33,"minecraft:dirt":377,"minecraft:lantern":13,"minecraft:leather_boots":4,"minecraft:glass":1,"minecraft:bone":51,"minecraft:bow":2,"minecraft:wheat_seeds":768,"minecraft:pink_banner":1,"minecraft:raw_gold":13,"minecraft:bell":2,"trials:ominous_bottle":1,"minecraft:glowstone_dust":1,"minecraft:bamboo":1,"minecraft:oak_planks":1,"minecraft:sand":144,"trials:chiseled_tuff_bricks":1,"sophisticatedbackpacks:iron_backpack":1,"minecraft:dead_bush":2,"minecraft:grass_block":3,"minecraft:cyan_bed":7,"minecraft:dark_oak_log":18,"minecraft:mossy_cobblestone":4,"create:crimsite":18,"minecraft:diamond":64,"waystones:waystone":10,"minecraft:white_concrete":124,"minecraft:golden_apple":2,"minecraft:chainmail_helmet":1,"minecraft:emerald":15,"minecraft:bread":8,"alexsmobs:maggot":2,"minecraft:cherry_slab":17,"minecraft:waxed_oxidized_cut_copper":2,"minecraft:diamond_pickaxe":1,"minecraft:spruce_leaves":24,"minecraft:mud":6,"minecraft:coarse_dirt":14,"minecraft:crafting_table":1,"minecraft:allium":3,"minecraft:azure_bluet":7,"minecraft:turtle_helmet":3,"minecraft:leather_leggings":2,"minecraft:wooden_pickaxe":3,"minecraft:stripped_cherry_log":13,"minecraft:brick":4,"minecraft:shield":1,"minecraft:cornflower":13,"minecraft:iron_axe":1,"minecraft:wooden_sword":1,"minecraft:item_frame":1,"minecraft:blackstone":17,"trials:bolt_template":1,"dungeonnowloading:spawner_fragment":16,"trials:breeze_rod":8,"minecraft:blue_orchid":1,"minecraft:cracked_stone_bricks":1,"trials:tuff_bricks":9,"minecraft:beef":1,"minecraft:cherry_trapdoor":8,"minecraft:phantom_membrane":3,"minecraft:waxed_oxidized_copper":1,"minecraft:egg":1,"minecraft:dark_oak_sapling":4,"minecraft:raw_iron":138,"minecraft:cherry_stairs":31,"minecraft:trident":1,"minecraft:redstone":8,"minecraft:tnt":10,"artifacts:snorkel":1,"minecraft:arrow":78,"minecraft:peony":2,"minecraft:hay_block":63,"minecraft:saddle":1,"minecraft:mutton":10,"instrumentalmobs:drum":1,"minecraft:white_wool":5,"minecraft:oxeye_daisy":4,"minecraft:golden_carrot":21,"minecraft:magenta_banner":1,"minecraft:glow_ink_sac":16,"minecraft:leather":5,"artifacts:anglers_hat":2,"minecraft:filled_map":2,"minecraft:oak_log":3,"minecraft:yellow_bed":5,"minecraft:gunpowder":18,"minecraft:paper":2,"minecraft:stone_bricks":5,"minecraft:iron_ingot":15,"minecraft:stone_pickaxe":1,"minecraft:cherry_sign":4,"tombstone:bag_of_seeds":1,"minecraft:scaffolding":1,"minecraft:dandelion":2,"minecraft:dripstone_block":30,"minecraft:gravel":1,"minecraft:spruce_sapling":6,"minecraft:blast_furnace":2,"minecraft:white_bed":1,"minecraft:spruce_log":6,"minecraft:spider_eye":10,"alexsmobs:raw_catfish":10,"minecraft:white_concrete_powder":168,"minecraft:slime_ball":36,"minecraft:stone_axe":1,"minecraft:iron_helmet":6,"minecraft:diamond_axe":15,"minecraft:painting":29,"minecraft:cherry_sapling":11,"minecraft:baked_potato":22,"tombstone:magic_scroll":1,"minecraft:coal":89,"minecraft:ender_pearl":6},"minecraft:dropped":{"minecraft:birch_planks":3,"minecraft:porkchop":2,"minecraft:diamond_axe":14,"minecraft:baked_potato":51,"minecraft:glow_ink_sac":3,"minecraft:diamond":2,"minecraft:crafting_table":1,"minecraft:dark_oak_sapling":1,"minecraft:lantern":7,"minecraft:leather":2,"create:crimsite":9,"minecraft:cherry_pressure_plate":1,"artifacts:anglers_hat":2,"farmersdelight:rice":2,"minecraft:cod":1,"minecraft:item_frame":1,"minecraft:spruce_leaves":3,"minecraft:dirt":59,"instrumentalmobs:drum":1,"minecraft:tnt_minecart":1,"minecraft:cherry_leaves":16,"minecraft:wooden_sword":1,"minecraft:phantom_membrane":1,"minecraft:iron_pickaxe":2,"minecraft:cherry_door":1,"minecraft:birch_log":1,"minecraft:bone":3,"minecraft:magenta_banner":1,"minecraft:stone_axe":1,"minecraft:sugar_cane":1,"trials:tuff_bricks":5,"minecraft:cherry_stairs":3,"alexsmobs:animal_dictionary":1,"minecraft:cobbled_deepslate":6,"minecraft:wheat":11,"minecraft:cherry_sapling":21,"minecraft:purple_banner":1,"minecraft:pointed_dripstone":10,"minecraft:rotten_flesh":38,"minecraft:oak_planks":1,"minecraft:glowstone_dust":1,"minecraft:chainmail_chestplate":1,"minecraft:leather_chestplate":2,"minecraft:tipped_arrow":3,"minecraft:trident":2,"minecraft:gunpowder":12,"apotheosis:gem":1,"minecraft:leather_boots":1,"create:limestone":2,"minecraft:chainmail_boots":1,"minecraft:leather_leggings":1,"minecraft:scaffolding":1,"minecraft:oak_leaves":24,"minecraft:acacia_fence":1,"minecraft:cherry_fence":1,"minecraft:splash_potion":2,"minecraft:bread":26,"minecraft:enchanted_book":1,"minecraft:iron_ingot":3,"minecraft:wheat_seeds":611,"minecraft:dripstone_block":1,"minecraft:diamond_leggings":1,"minecraft:iron_helmet":2,"minecraft:cobblestone":6,"minecraft:chainmail_helmet":2,"minecraft:grass_block":1,"minecraft:coal":1,"alexsmobs:maraca":1,"minecraft:stick":3,"minecraft:golden_carrot":2,"minecraft:torch":1,"minecraft:rose_bush":1,"minecraft:diamond_helmet":1,"minecraft:waxed_oxidized_copper":1,"minecraft:potion":1,"minecraft:iron_leggings":3,"minecraft:dead_bush":2,"minecraft:pink_banner":1,"minecraft:mud":3,"minecraft:iron_shovel":1,"minecraft:chainmail_leggings":1,"minecraft:string":1,"trials:trial_key":1,"minecraft:pink_petals":50,"minecraft:dandelion":2,"minecraft:redstone":4,"alexsmobs:maggot":2,"minecraft:coarse_dirt":1,"minecraft:raw_copper":4,"minecraft:cocoa_beans":3,"minecraft:tuff":1,"minecraft:iron_boots":2,"minecraft:stripped_oak_log":18,"minecraft:cherry_slab":4,"minecraft:shears":1,"dungeonnowloading:spawner_fragment":5,"minecraft:pumpkin_seeds":1,"minecraft:filled_map":1,"minecraft:flower_pot":2,"minecraft:allium":3,"minecraft:peony":2,"minecraft:iron_chestplate":4,"minecraft:diamond_pickaxe":2,"minecraft:andesite":1,"minecraft:spider_eye":4,"minecraft:bamboo":1,"minecraft:diamond_boots":1,"minecraft:spruce_log":4,"minecraft:stone_pickaxe":2,"minecraft:wooden_pickaxe":5,"waystones:waystone":1,"minecraft:bell":1},"minecraft:crafted":{"minecraft:oak_planks":16,"minecraft:cherry_pressure_plate":3,"minecraft:cherry_slab":6,"quark:cherry_ladder":8,"quark:cherry_chest":12,"minecraft:glass":2,"minecraft:diamond_helmet":3,"minecraft:diamond_leggings":2,"minecraft:rail":32,"minecraft:cherry_fence":18,"minecraft:emerald":26,"minecraft:crafting_table":8,"minecraft:wooden_pickaxe":3,"minecraft:baked_potato":177,"minecraft:hay_block":24,"minecraft:birch_planks":24,"minecraft:tnt_minecart":4,"minecraft:tnt":1,"minecraft:paper":643,"minecraft:cherry_sign":9,"minecraft:shield":1,"minecraft:stick":68,"minecraft:iron_ingot":124,"minecraft:iron_pickaxe":1,"minecraft:iron_block":3,"minecraft:stone_sword":1,"minecraft:shears":2,"minecraft:cherry_planks":520,"minecraft:furnace":1,"minecraft:bone_meal":15,"minecraft:cherry_trapdoor":66,"minecraft:cherry_stairs":40,"minecraft:stone_pickaxe":2,"minecraft:diamond_boots":2,"minecraft:dark_oak_planks":4,"minecraft:minecart":4,"minecraft:wheat":615,"minecraft:diamond_sword":1,"minecraft:bucket":1,"minecraft:stone_axe":1,"minecraft:bread":251,"minecraft:air":0,"minecraft:iron_shovel":2,"minecraft:cherry_door":3,"minecraft:anvil":1,"create:copper_diving_helmet":1,"minecraft:torch":24,"minecraft:diamond_chestplate":2},"minecraft:mined":{"create:deepslate_zinc_ore":3,"minecraft:white_bed":1,"quark:cherry_chest":2,"minecraft:cherry_log":87,"minecraft:jungle_leaves":2,"minecraft:cherry_trapdoor":8,"minecraft:grass_block":27,"minecraft:white_concrete":144,"minecraft:frosted_ice":1,"minecraft:oxeye_daisy":4,"minecraft:spawner":2,"minecraft:tall_seagrass":5,"minecraft:magma_block":1,"minecraft:iron_ore":65,"minecraft:cobbled_deepslate":3,"minecraft:fire":17,"minecraft:deepslate_lapis_ore":6,"minecraft:azure_bluet":8,"amendments:wall_lantern":3,"create:limestone":3,"minecraft:deepslate_redstone_ore":1,"minecraft:magenta_wall_banner":1,"minecraft:blackstone":29,"minecraft:torch":19,"minecraft:blast_furnace":3,"minecraft:calcite":1,"minecraft:cobblestone":37,"minecraft:slime_block":2,"minecraft:cyan_bed":5,"minecraft:oak_planks":1,"minecraft:wall_torch":12,"minecraft:cherry_slab":1,"minecraft:pink_petals":10,"minecraft:seagrass":2,"minecraft:cherry_fence":2,"minecraft:mud":5,"minecraft:birch_log":7,"minecraft:wheat":370,"minecraft:tnt":10,"minecraft:grass":51,"trials:waxed_chiseled_copper_oxidized":1,"minecraft:oak_log":3,"minecraft:waxed_oxidized_copper":1,"minecraft:dark_oak_sapling":2,"minecraft:acacia_fence":1,"minecraft:dirt":38,"create:crimsite":9,"minecraft:deepslate":275,"create:zinc_ore":1,"minecraft:diamond_ore":2,"minecraft:tuff":8,"minecraft:mossy_cobblestone":2,"minecraft:dark_oak_leaves":8,"minecraft:deepslate_diamond_ore":53,"trials:tuff_bricks":5,"minecraft:cherry_sapling":2,"minecraft:dark_oak_log":18,"minecraft:decorated_pot":3,"minecraft:spruce_leaves":45,"minecraft:large_fern":4,"minecraft:hay_block":64,"minecraft:waxed_oxidized_cut_copper":3,"minecraft:furnace":1,"minecraft:andesite":5,"minecraft:peony":4,"minecraft:bell":2,"minecraft:potatoes":1,"farmersdelight:rope":2,"minecraft:deepslate_iron_ore":55,"minecraft:vine":1,"minecraft:lantern":9,"minecraft:stone":252,"minecraft:cherry_stairs":18,"minecraft:smithing_table":1,"trials:chiseled_tuff_bricks":1,"minecraft:cherry_planks":87,"minecraft:crafting_table":1,"minecraft:cornflower":1,"minecraft:purple_wall_banner":1,"minecraft:rose_bush":1,"minecraft:copper_ore":5,"minecraft:tall_grass":10,"minecraft:deepslate_coal_ore":2,"minecraft:deepslate_gold_ore":6,"minecraft:diorite":1,"minecraft:coarse_dirt":1,"minecraft:spruce_log":2,"minecraft:pink_wall_banner":1,"minecraft:birch_leaves":4,"minecraft:yellow_bed":3,"minecraft:coal_ore":17,"minecraft:cherry_leaves":72,"minecraft:dripstone_block":9,"minecraft:cobweb":6,"minecraft:cracked_stone_bricks":1,"minecraft:stone_bricks":5,"minecraft:small_dripleaf":1,"minecraft:cherry_sign":1,"minecraft:infested_stone":4,"minecraft:fern":4},"minecraft:killed":{"minecraft:cave_spider":3,"minecraft:witch":2,"alexsmobs:anaconda":1,"minecraft:spider":30,"minecraft:skeleton":34,"minecraft:silverfish":4,"minecraft:skeleton_horse":1,"artifacts:mimic":2,"minecraft:pig":1,"minecraft:creeper":9,"minecraft:sheep":5,"minecraft:trader_llama":2,"minecraft:pillager":9,"minecraft:zombie":57,"minecraft:stray":6,"trials:breeze":3,"alexsmobs:fly":1,"minecraft:cow":1,"alexsmobs:raccoon":1,"alexsmobs:tiger":1,"quark:toretoise":2,"minecraft:slime":59,"minecraft:phantom":6,"minecraft:husk":1,"minecraft:wandering_trader":1,"minecraft:frog":1,"alexsmobs:catfish":4,"minecraft:enderman":4},"minecraft:broken":{"minecraft:diamond_helmet":1,"minecraft:iron_chestplate":1,"minecraft:chainmail_boots":1,"minecraft:iron_sword":1,"minecraft:iron_helmet":1},"minecraft:custom":{"exposure:interact_with_lightroom":1,"minecraft:interact_with_crafting_table":84,"minecraft:open_barrel":59,"minecraft:bell_ring":2,"minecraft:leave_game":6,"minecraft:time_since_death":36239,"minecraft:damage_resisted":262,"minecraft:sprint_one_cm":1902996,"minecraft:damage_blocked_by_shield":1270,"minecraft:drop":244,"minecraft:talked_to_villager":57,"minecraft:play_time":593018,"minecraft:deaths":8,"minecraft:jump":16909,"minecraft:walk_on_water_one_cm":96662,"minecraft:interact_with_furnace":30,"minecraft:traded_with_villager":26,"minecraft:sleep_in_bed":15,"minecraft:waystone_activated":9,"minecraft:damage_dealt":43574,"minecraft:crouch_one_cm":83584,"tombstone:undead_killed":105,"tombstone:villager_killed":1,"minecraft:interact_with_smoker":14,"minecraft:interact_with_smithing_table":3,"minecraft:inspect_dispenser":3,"minecraft:horse_one_cm":110279,"minecraft:interact_with_anvil":9,"minecraft:mob_kills":255,"minecraft:damage_dealt_resisted":9,"minecraft:climb_one_cm":23210,"minecraft:walk_one_cm":1270181,"minecraft:sneak_time":27807,"minecraft:walk_under_water_one_cm":36547,"minecraft:interact_with_blast_furnace":26,"minecraft:total_world_time":593018,"tombstone:raider_killed":17,"minecraft:time_since_rest":34675,"minecraft:damage_absorbed":40,"minecraft:damage_taken":19174,"minecraft:trigger_trapped_chest":1,"tombstone:cast_on_ally":0,"minecraft:swim_one_cm":84346,"minecraft:fly_one_cm":3992306,"minecraft:open_chest":343,"minecraft:fall_one_cm":673212},"minecraft:used":{"minecraft:iron_shovel":7,"minecraft:white_concrete_powder":123,"minecraft:shield":22,"minecraft:iron_sword":268,"minecraft:bell":1,"tombstone:scroll_of_purification":1,"minecraft:rotten_flesh":1,"minecraft:spruce_leaves":19,"minecraft:iron_chestplate":2,"quark:cherry_chest":14,"minecraft:lantern":6,"minecraft:blue_orchid":1,"minecraft:iron_helmet":1,"minecraft:cherry_leaves":63,"minecraft:stone_bricks":5,"minecraft:bow":21,"minecraft:furnace":1,"minecraft:egg":1,"minecraft:potato":84,"minecraft:dark_oak_sapling":3,"alexsmobs:raw_catfish":9,"minecraft:diorite":1,"minecraft:stone_pickaxe":62,"minecraft:ender_pearl":2,"minecraft:wooden_pickaxe":52,"minecraft:diamond_axe":117,"minecraft:golden_apple":1,"minecraft:sand":3,"minecraft:blast_furnace":2,"minecraft:dripstone_block":4,"minecraft:shears":25,"waystones:waystone":8,"minecraft:bread":255,"minecraft:cyan_bed":7,"minecraft:cherry_sign":11,"minecraft:diamond_ore":1,"minecraft:gravel":1,"minecraft:diamond_sword":585,"minecraft:smithing_table":1,"minecraft:white_concrete":39,"minecraft:andesite":1,"minecraft:stripped_cherry_log":12,"minecraft:coarse_dirt":13,"minecraft:bone_meal":6,"minecraft:trident":69,"minecraft:stone_sword":1,"minecraft:armor_stand":2,"minecraft:dirt":324,"minecraft:torch":54,"alexsmobs:maraca":45,"minecraft:anvil":1,"minecraft:cherry_pressure_plate":2,"farmersdelight:rope":3,"quark:cherry_ladder":8,"minecraft:iron_axe":118,"minecraft:cherry_slab":19,"minecraft:cherry_trapdoor":76,"minecraft:iron_boots":4,"minecraft:golden_carrot":13,"tombstone:gift":10,"alexsmobs:unsettling_kimono":1,"minecraft:cobbled_deepslate":60,"minecraft:cherry_fence":21,"minecraft:cherry_log":147,"minecraft:calcite":1,"minecraft:wheat_seeds":161,"minecraft:water_bucket":15,"minecraft:baked_potato":122,"minecraft:cherry_planks":260,"minecraft:cracked_stone_bricks":1,"minecraft:rail":3,"minecraft:tnt":5,"minecraft:crafting_table":8,"minecraft:cod":4,"minecraft:painting":28,"tombstone:bag_of_seeds":2,"minecraft:mud":2,"minecraft:diamond_pickaxe":387,"minecraft:cornflower":1,"minecraft:cherry_door":2,"minecraft:iron_pickaxe":597,"minecraft:tnt_minecart":3,"minecraft:spruce_sapling":1,"minecraft:stone_axe":21,"minecraft:pink_petals":9,"minecraft:cobblestone":188,"minecraft:cherry_stairs":64,"minecraft:bucket":16,"minecraft:yellow_bed":5,"minecraft:splash_potion":2,"minecraft:chainmail_leggings":1}},"DataVersion":3465}