{"stats":{"minecraft:custom":{"minecraft:time_since_rest":1929,"minecraft:sprint_one_cm":5930,"lootr:looted_stat":2,"minecraft:play_time":1929,"minecraft:damage_taken":46,"minecraft:walk_one_cm":5790,"minecraft:sneak_time":4,"minecraft:drop":2,"minecraft:jump":39,"minecraft:damage_dealt":51,"minecraft:leave_game":3,"minecraft:time_since_death":1929,"minecraft:total_world_time":1929,"minecraft:fall_one_cm":1288,"minecraft:fly_one_cm":9083},"minecraft:picked_up":{"minecraft:gold_block":2,"effortlessbuilding:muscles":1},"minecraft:mined":{"minecraft:grass":3,"minecraft:grass_block":1,"minecraft:oak_log":1,"minecraft:spruce_leaves":1,"minecraft:gold_block":2},"minecraft:used":{"farmersdelight:golden_knife":1,"minecraft:golden_pickaxe":2},"minecraft:dropped":{"effortlessbuilding:muscles":2}},"DataVersion":3465}