{"stats":{"minecraft:picked_up":{"minecraft:iron_chestplate":2,"minecraft:mud":5,"minecraft:coarse_dirt":3,"minecraft:crafting_table":1,"minecraft:wheat":7,"minecraft:allium":3,"minecraft:azure_bluet":6,"minecraft:chainmail_boots":1,"minecraft:turtle_helmet":2,"minecraft:leather_leggings":1,"minecraft:stone_slab":1,"minecraft:lead":4,"minecraft:wooden_pickaxe":1,"minecraft:cornflower":24,"minecraft:string":3,"minecraft:raw_copper":27,"minecraft:wooden_sword":1,"minecraft:iron_leggings":2,"minecraft:iron_shovel":2,"minecraft:experience_bottle":1,"minecraft:blue_orchid":8,"minecraft:cracked_stone_bricks":1,"minecraft:diamond_leggings":1,"minecraft:tnt_minecart":1,"minecraft:cobbled_deepslate":116,"trials:tuff_bricks":1,"minecraft:beef":3,"minecraft:white_tulip":1,"minecraft:calcite":2,"minecraft:iron_pickaxe":2,"minecraft:birch_sapling":8,"minecraft:furnace":1,"minecraft:iron_boots":1,"minecraft:egg":2,"minecraft:tipped_arrow":3,"minecraft:dark_oak_sapling":5,"minecraft:stick":18,"minecraft:raw_iron":32,"apotheosis:gem":5,"minecraft:torch":8,"minecraft:porkchop":2,"minecraft:cherry_log":64,"minecraft:pointed_dripstone":16,"minecraft:trident":1,"minecraft:arrow":9,"minecraft:rotten_flesh":43,"minecraft:decorated_pot":2,"minecraft:peony":1,"minecraft:diamond_boots":1,"minecraft:hay_block":7,"farmersdelight:rope":3,"minecraft:mutton":1,"minecraft:white_wool":1,"minecraft:cobblestone":331,"minecraft:oxeye_daisy":2,"minecraft:birch_log":39,"minecraft:pink_petals":20,"minecraft:leather_chestplate":1,"minecraft:cooked_beef":1,"minecraft:cherry_planks":40,"minecraft:glow_ink_sac":5,"minecraft:leather":4,"minecraft:filled_map":1,"minecraft:birch_planks":87,"minecraft:flint":59,"create:raw_zinc":1,"minecraft:oak_log":3,"minecraft:lily_pad":3,"minecraft:gunpowder":6,"minecraft:lapis_lazuli":14,"minecraft:dirt":516,"minecraft:leather_boots":1,"minecraft:bone":14,"minecraft:stone_bricks":1,"minecraft:bow":3,"minecraft:wheat_seeds":35,"minecraft:raw_gold":1,"minecraft:iron_ingot":4,"minecraft:stone_pickaxe":1,"minecraft:diamond_helmet":1,"minecraft:bamboo":7,"minecraft:flowering_azalea":1,"minecraft:scaffolding":2,"minecraft:pumpkin":1,"patchouli:guide_book":1,"minecraft:dandelion":1,"minecraft:dripstone_block":8,"minecraft:gravel":526,"minecraft:sand":9,"minecraft:spruce_sapling":26,"minecraft:spruce_log":114,"minecraft:spider_eye":1,"alexsmobs:animal_dictionary":1,"alexsmobs:raw_catfish":7,"minecraft:slime_ball":13,"minecraft:yellow_carpet":1,"minecraft:white_concrete_powder":40,"minecraft:diamond":7,"waystones:waystone":1,"minecraft:chainmail_leggings":1,"minecraft:iron_helmet":3,"minecraft:diamond_axe":1,"minecraft:cherry_sapling":18,"minecraft:white_concrete":62,"minecraft:diamond_pickaxe":1,"minecraft:bread":12,"minecraft:baked_potato":47,"tombstone:magic_scroll":3,"minecraft:oak_sapling":1,"minecraft:coal":119},"minecraft:dropped":{"minecraft:bread":2,"minecraft:wheat_seeds":10,"minecraft:diamond_axe":1,"minecraft:cooked_beef":1,"minecraft:baked_potato":36,"minecraft:dripstone_block":8,"minecraft:saddle":1,"alexsmobs:raw_catfish":1,"minecraft:stick":2,"minecraft:dirt":128,"minecraft:torch":1,"tombstone:grave_key":2,"minecraft:mutton":1,"minecraft:wooden_sword":1,"minecraft:mud":2,"minecraft:iron_shovel":1,"minecraft:white_wool":1,"minecraft:bone":4,"alexsmobs:animal_dictionary":2,"tombstone:gift":1,"minecraft:pointed_dripstone":14,"minecraft:cherry_sapling":5,"minecraft:rotten_flesh":22,"minecraft:azure_bluet":6,"patchouli:guide_book":2,"minecraft:filled_map":1,"minecraft:leather_chestplate":1,"minecraft:turtle_helmet":1,"minecraft:peony":1,"apotheosis:gem":1,"minecraft:leather_boots":1,"farmersdelight:rope":1,"minecraft:stone_bricks":1,"minecraft:white_concrete_powder":148,"minecraft:arrow":2,"minecraft:bow":1,"minecraft:wooden_pickaxe":1,"waystones:waystone":1,"minecraft:calcite":2,"minecraft:scaffolding":2},"minecraft:crafted":{"minecraft:cherry_planks":72,"minecraft:oak_planks":4,"minecraft:furnace":1,"minecraft:bone_meal":123,"quark:cherry_chest":2,"minecraft:white_concrete_powder":904,"minecraft:iron_axe":2,"minecraft:stone_pickaxe":1,"minecraft:oak_fence":3,"minecraft:smoker":1,"minecraft:wheat":54,"minecraft:cooked_beef":2,"minecraft:cooked_porkchop":2,"minecraft:crafting_table":5,"minecraft:iron_helmet":1,"minecraft:wooden_pickaxe":1,"minecraft:baked_potato":237,"minecraft:iron_sword":1,"minecraft:birch_planks":52,"minecraft:bread":20,"minecraft:air":0,"minecraft:white_dye":117,"minecraft:stick":14,"minecraft:iron_ingot":27,"minecraft:iron_pickaxe":2,"minecraft:stone_sword":1,"minecraft:iron_shovel":1,"minecraft:torch":12,"minecraft:diamond_chestplate":1},"minecraft:mined":{"create:zinc_ore":1,"minecraft:deepslate_diamond_ore":7,"minecraft:cherry_log":64,"minecraft:cherry_sapling":1,"minecraft:potted_flowering_azalea_bush":1,"minecraft:glow_lichen":1,"minecraft:decorated_pot":2,"minecraft:grass_block":364,"minecraft:yellow_carpet":1,"minecraft:white_concrete":47,"minecraft:spruce_leaves":60,"minecraft:oxeye_daisy":5,"minecraft:white_concrete_powder":7,"minecraft:hay_block":7,"minecraft:large_fern":12,"minecraft:tall_seagrass":2,"minecraft:spruce_sapling":2,"minecraft:furnace":1,"minecraft:iron_ore":22,"minecraft:fire":2,"minecraft:pumpkin":1,"minecraft:deepslate_lapis_ore":2,"minecraft:azure_bluet":6,"minecraft:pointed_dripstone":1,"farmersdelight:rope":1,"minecraft:deepslate_iron_ore":11,"minecraft:vine":1,"minecraft:white_tulip":1,"minecraft:stone":346,"minecraft:blue_orchid":9,"minecraft:cherry_planks":10,"minecraft:cornflower":19,"minecraft:crafting_table":1,"minecraft:torch":1,"minecraft:copper_ore":11,"minecraft:stone_slab":1,"minecraft:tall_grass":23,"minecraft:cobblestone":31,"minecraft:deepslate_gold_ore":1,"minecraft:cyan_bed":1,"minecraft:lily_pad":3,"minecraft:wall_torch":3,"minecraft:pink_petals":8,"minecraft:seagrass":2,"minecraft:birch_planks":87,"minecraft:coarse_dirt":3,"minecraft:birch_log":39,"minecraft:wheat":1,"minecraft:spruce_log":117,"minecraft:birch_leaves":27,"minecraft:yellow_bed":2,"minecraft:grass":116,"minecraft:coal_ore":103,"minecraft:oak_log":3,"minecraft:dark_oak_sapling":5,"minecraft:gravel":600,"minecraft:cherry_leaves":1,"minecraft:dirt":141,"minecraft:sand":9,"minecraft:dripstone_block":4,"minecraft:cracked_stone_bricks":1,"minecraft:stone_bricks":1,"minecraft:small_dripleaf":1,"minecraft:oak_leaves":7,"minecraft:deepslate":144,"minecraft:fern":3},"minecraft:killed":{"minecraft:spider":6,"quark:toretoise":1,"minecraft:slime":14,"minecraft:skeleton":6,"minecraft:pig":1,"minecraft:creeper":3,"minecraft:sheep":1,"alexsmobs:catfish":3,"minecraft:zombie":23},"minecraft:broken":{"minecraft:iron_shovel":2,"minecraft:iron_axe":1,"minecraft:iron_pickaxe":1},"minecraft:custom":{"minecraft:interact_with_smithing_table":1,"minecraft:mob_kills":61,"minecraft:interact_with_crafting_table":23,"minecraft:open_barrel":19,"minecraft:damage_dealt_resisted":16,"minecraft:leave_game":19,"minecraft:time_since_death":29781,"minecraft:climb_one_cm":9632,"minecraft:damage_resisted":0,"minecraft:sprint_one_cm":804596,"minecraft:walk_one_cm":1248632,"minecraft:drop":110,"minecraft:damage_dealt_absorbed":122,"minecraft:talked_to_villager":4,"minecraft:play_time":356054,"minecraft:sneak_time":7282,"minecraft:deaths":7,"minecraft:walk_under_water_one_cm":41226,"minecraft:jump":7232,"minecraft:interact_with_blast_furnace":11,"minecraft:walk_on_water_one_cm":71659,"minecraft:total_world_time":356054,"minecraft:interact_with_furnace":42,"minecraft:sleep_in_bed":3,"minecraft:waystone_activated":8,"minecraft:time_since_rest":28399,"minecraft:damage_absorbed":55,"minecraft:damage_taken":9555,"minecraft:damage_dealt":11331,"minecraft:swim_one_cm":60359,"minecraft:fly_one_cm":1337760,"minecraft:open_chest":166,"minecraft:crouch_one_cm":20769,"tombstone:undead_killed":29,"minecraft:interact_with_smoker":37,"minecraft:fall_one_cm":196387,"minecraft:horse_one_cm":1504},"minecraft:used":{"minecraft:trident":11,"minecraft:stone_sword":70,"minecraft:iron_shovel":465,"minecraft:white_concrete_powder":201,"minecraft:decorated_pot":2,"minecraft:iron_sword":190,"minecraft:rotten_flesh":2,"minecraft:torch":18,"quark:cherry_chest":2,"minecraft:dirt":637,"minecraft:allium":3,"minecraft:iron_axe":417,"minecraft:birch_sapling":8,"minecraft:iron_helmet":1,"minecraft:bamboo":1,"minecraft:hay_block":1,"minecraft:furnace":1,"minecraft:egg":2,"tombstone:gift":2,"minecraft:cooked_beef":1,"minecraft:dark_oak_sapling":5,"minecraft:cobbled_deepslate":27,"minecraft:pointed_dripstone":2,"minecraft:cherry_log":13,"minecraft:pumpkin":1,"minecraft:iron_leggings":8,"alexsmobs:raw_catfish":5,"minecraft:wheat_seeds":1,"minecraft:water_bucket":19,"minecraft:birch_planks":89,"minecraft:stone_pickaxe":113,"minecraft:baked_potato":99,"minecraft:wooden_pickaxe":51,"minecraft:cherry_planks":3,"minecraft:diamond_axe":23,"minecraft:cracked_stone_bricks":1,"minecraft:crafting_table":6,"minecraft:spruce_log":20,"minecraft:smoker":1,"minecraft:oak_log":1,"minecraft:diamond_pickaxe":33,"minecraft:oxeye_daisy":1,"minecraft:diamond_shovel":559,"minecraft:bread":28,"minecraft:iron_pickaxe":639,"minecraft:tnt_minecart":1,"minecraft:stone_slab":1,"minecraft:gravel":6,"minecraft:spruce_sapling":26,"minecraft:cobblestone":50,"minecraft:cooked_porkchop":1,"minecraft:bucket":19,"minecraft:dandelion":1,"minecraft:cherry_sapling":8,"minecraft:oak_fence":1,"minecraft:bone_meal":5,"minecraft:experience_bottle":1,"minecraft:chainmail_leggings":7}},"DataVersion":3465}