{"stats":{"minecraft:killed":{"minecraft:pig":5,"minecraft:witch":8,"minecraft:slime":5,"alexsmobs:alligator_snapping_turtle":2,"minecraft:sheep":3,"minecraft:skeleton":2,"minecraft:zombie":5},"minecraft:mined":{"minecraft:cherry_log":3,"minecraft:spruce_fence":2,"minecraft:tall_grass":1,"minecraft:cyan_bed":1,"minecraft:lily_pad":1,"minecraft:sugar_cane":10,"minecraft:pink_petals":2,"minecraft:large_fern":5,"minecraft:carrots":6,"minecraft:fire":1,"minecraft:wheat":6,"minecraft:peony":2,"minecraft:grass":19,"minecraft:potatoes":6,"minecraft:vine":11,"minecraft:cobweb":17,"minecraft:bamboo":2,"minecraft:white_wool":2,"minecraft:fern":5},"minecraft:used":{"minecraft:cooked_mutton":1,"farmersdelight:diamond_knife":127,"minecraft:baked_potato":2,"farmersdelight:golden_knife":1,"artifacts:eternal_steak":1,"minecraft:iron_sword":74,"minecraft:crafting_table":3,"farmersdelight:beef_patty":3,"tombstone:bag_of_seeds":2,"minecraft:bread":13,"minecraft:cyan_bed":1,"minecraft:fire_charge":1,"tombstone:gift":6,"minecraft:oak_boat":2,"alexsmobs:animal_dictionary":1},"minecraft:picked_up":{"minecraft:cocoa_beans":4,"minecraft:pink_petals":24,"minecraft:iron_chestplate":1,"minecraft:wheat":5,"artifacts:eternal_steak":1,"minecraft:potato":21,"minecraft:lily_pad":138,"minecraft:gunpowder":6,"farmersdelight:flint_knife":1,"minecraft:dirt":17,"minecraft:string":14,"minecraft:paper":1,"tombstone:gift":1,"minecraft:armor_stand":1,"minecraft:compass":1,"minecraft:bone":2,"minecraft:wheat_seeds":18,"farmersdelight:straw":7,"minecraft:oak_boat":2,"tombstone:bag_of_seeds":1,"minecraft:glass_bottle":2,"minecraft:bamboo":28,"minecraft:sugar_cane":22,"minecraft:stick":5,"minecraft:torch":4,"minecraft:spruce_fence":2,"minecraft:porkchop":9,"minecraft:cherry_log":7,"tombstone:grave_dust":1,"minecraft:carrot":24,"minecraft:cyan_bed":1,"minecraft:redstone":14,"farmersdelight:ham":3,"minecraft:arrow":3,"minecraft:sugar":2,"minecraft:rotten_flesh":4,"minecraft:slime_ball":4,"minecraft:peony":2,"minecraft:cherry_sapling":1,"minecraft:mutton":5,"minecraft:white_wool":5},"minecraft:custom":{"minecraft:interact_with_smithing_table":2,"minecraft:mob_kills":32,"tombstone:raider_killed":8,"minecraft:interact_with_cartography_table":3,"minecraft:interact_with_crafting_table":8,"minecraft:interact_with_loom":2,"minecraft:interact_with_grindstone":1,"minecraft:leave_game":2,"minecraft:time_since_death":26748,"minecraft:sleep_in_bed":4,"minecraft:climb_one_cm":2976,"minecraft:time_since_rest":24814,"minecraft:sprint_one_cm":145079,"minecraft:damage_taken":3228,"minecraft:walk_one_cm":133830,"minecraft:drop":21,"minecraft:damage_dealt":5528,"minecraft:swim_one_cm":3857,"minecraft:fly_one_cm":136632,"minecraft:open_chest":42,"minecraft:crouch_one_cm":2604,"minecraft:play_time":65882,"tombstone:undead_killed":7,"minecraft:deaths":8,"minecraft:sneak_time":425,"minecraft:walk_under_water_one_cm":1283,"minecraft:boat_one_cm":154599,"minecraft:jump":661,"minecraft:interact_with_blast_furnace":3,"minecraft:walk_on_water_one_cm":17282,"minecraft:total_world_time":65882,"minecraft:interact_with_smoker":9,"minecraft:fall_one_cm":12114},"minecraft:crafted":{"artifacts:eternal_steak":1,"minecraft:cherry_planks":28,"minecraft:oak_planks":24,"minecraft:crafting_table":3,"minecraft:baked_potato":2,"minecraft:iron_sword":1,"farmersdelight:beef_patty":3,"minecraft:cooked_mutton":4,"minecraft:air":0,"minecraft:oak_boat":1,"minecraft:stick":4,"farmersdelight:cooked_bacon":6,"farmersdelight:diamond_knife":1},"minecraft:dropped":{"minecraft:compass":1,"tombstone:gift":1,"minecraft:cooked_mutton":3,"farmersdelight:flint_knife":1,"minecraft:torch":2,"artifacts:eternal_steak":1,"tombstone:grave_dust":1,"minecraft:paper":2,"minecraft:lily_pad":137}},"DataVersion":3465}