{"stats":{"minecraft:mined":{"dungeonnowloading:iron_ingot_pile":1,"dungeonnowloading:spikes":5,"create:deepslate_zinc_ore":1,"quark:cherry_chest":3,"minecraft:cobblestone_stairs":24,"minecraft:cherry_log":296,"minecraft:brewing_stand":3,"minecraft:carved_pumpkin":1,"minecraft:obsidian":7,"minecraft:cherry_trapdoor":2,"minecraft:cave_vines_plant":3,"minecraft:grass_block":776,"minecraft:iron_ore":167,"minecraft:cobbled_deepslate":3,"minecraft:fire":8,"minecraft:deepslate_lapis_ore":7,"create:asurine":4,"dungeonnowloading:wooden_wall_rack":3,"minecraft:cave_vines":13,"minecraft:dirt_path":1,"amendments:wall_lantern":2,"minecraft:pink_tulip":1,"create:limestone":10,"minecraft:deepslate_redstone_ore":14,"minecraft:brown_mushroom":3,"minecraft:blackstone":7,"minecraft:clay":1,"minecraft:torch":4,"minecraft:melon":3,"minecraft:calcite":6,"minecraft:dead_bush":1,"minecraft:mushroom_stem":7,"minecraft:cobblestone":95,"minecraft:oak_planks":4,"minecraft:wall_torch":15,"minecraft:amethyst_block":9,"minecraft:skeleton_skull":1,"minecraft:pink_petals":41,"minecraft:mud":1,"minecraft:birch_log":16,"minecraft:wheat":30,"minecraft:tnt":3,"minecraft:grass":63,"minecraft:oak_log":1,"dungeonnowloading:explosive_barrel":3,"dungeonnowloading:wooden_wall_platform":1,"minecraft:sand":64,"minecraft:dirt":659,"minecraft:smooth_basalt":13,"minecraft:red_mushroom_block":19,"minecraft:netherrack":4,"create:crimsite":34,"minecraft:oak_leaves":3,"minecraft:deepslate":104,"alexscaves:spelunkery_table":1,"minecraft:tuff":7,"minecraft:mossy_cobblestone":13,"minecraft:deepslate_diamond_ore":11,"minecraft:stripped_cherry_log":1,"minecraft:glow_lichen":1,"minecraft:ladder":1,"minecraft:chiseled_bookshelf":1,"minecraft:spruce_fence":2,"minecraft:decorated_pot":1,"minecraft:brown_mushroom_block":5,"minecraft:moss_block":26,"minecraft:rooted_dirt":3,"minecraft:large_fern":1,"minecraft:oak_trapdoor":3,"minecraft:packed_mud":1,"minecraft:furnace":6,"minecraft:andesite":84,"minecraft:peony":4,"minecraft:potatoes":19,"minecraft:deepslate_iron_ore":21,"minecraft:cobblestone_slab":11,"minecraft:vine":7,"minecraft:lantern":1,"minecraft:stripped_oak_log":2,"minecraft:stone":1472,"minecraft:white_tulip":1,"minecraft:cherry_stairs":1,"minecraft:glass_pane":1,"minecraft:cherry_planks":70,"dungeonnowloading:mossy_cobblestone_pebbles":1,"minecraft:crafting_table":5,"minecraft:emerald_ore":5,"minecraft:tall_grass":24,"minecraft:copper_ore":9,"minecraft:deepslate_gold_ore":27,"minecraft:lapis_ore":4,"minecraft:coarse_dirt":7,"minecraft:cobblestone_wall":11,"minecraft:sweet_berry_bush":2,"minecraft:birch_leaves":15,"minecraft:yellow_bed":1,"minecraft:coal_ore":112,"minecraft:cherry_leaves":199,"minecraft:gravel":21,"minecraft:cobweb":3,"minecraft:mossy_stone_bricks":1,"minecraft:fern":4},"minecraft:killed_by":{"minecraft:player":1},"minecraft:custom":{"minecraft:interact_with_crafting_table":104,"minecraft:open_barrel":83,"minecraft:leave_game":9,"minecraft:time_since_death":129766,"minecraft:damage_resisted":0,"minecraft:sprint_one_cm":1886891,"minecraft:damage_blocked_by_shield":5648,"minecraft:drop":141,"minecraft:talked_to_villager":15,"minecraft:play_time":838060,"minecraft:deaths":8,"minecraft:jump":10013,"minecraft:walk_on_water_one_cm":177046,"minecraft:interact_with_furnace":45,"minecraft:interact_with_cartography_table":1,"minecraft:interact_with_loom":9,"minecraft:sleep_in_bed":27,"minecraft:waystone_activated":3,"minecraft:damage_dealt":21513,"minecraft:crouch_one_cm":21714,"tombstone:undead_killed":68,"minecraft:interact_with_smoker":37,"minecraft:inspect_dispenser":2,"minecraft:horse_one_cm":18728,"minecraft:interact_with_smithing_table":2,"minecraft:mob_kills":128,"minecraft:inspect_hopper":3,"minecraft:interact_with_campfire":3,"minecraft:damage_dealt_resisted":328,"minecraft:climb_one_cm":34152,"minecraft:walk_one_cm":2162377,"minecraft:sneak_time":13741,"minecraft:walk_under_water_one_cm":180908,"minecraft:boat_one_cm":122377,"minecraft:interact_with_blast_furnace":64,"minecraft:total_world_time":838060,"tombstone:raider_killed":9,"minecraft:time_since_rest":11773,"minecraft:damage_taken":7469,"minecraft:trigger_trapped_chest":30,"minecraft:swim_one_cm":59078,"minecraft:fly_one_cm":1678561,"minecraft:open_chest":478,"minecraft:fall_one_cm":192568},"minecraft:dropped":{"sophisticatedbackpacks:iron_backpack":1,"minecraft:iron_sword":1,"minecraft:moss_block":10,"minecraft:baked_potato":41,"minecraft:glass_bottle":1,"minecraft:diamond":4,"create:crimsite":14,"minecraft:cobblestone_stairs":31,"minecraft:gold_block":4,"minecraft:dirt":280,"minecraft:cornflower":2,"minecraft:iron_pickaxe":1,"dungeonnowloading:wooden_wall_platform":1,"alexscaves:fissile_core":1,"minecraft:gravel":38,"minecraft:white_tulip":1,"minecraft:cherry_boat":2,"minecraft:cherry_stairs":8,"minecraft:cobbled_deepslate":23,"alexscaves:radrock":64,"minecraft:cherry_sapling":2,"minecraft:rotten_flesh":38,"dungeonnowloading:mossy_cobblestone_pebble":1,"minecraft:oak_planks":11,"minecraft:gunpowder":9,"minecraft:coal_ore":1,"create:limestone":7,"minecraft:wheat_seeds":3,"minecraft:mossy_cobblestone":2,"minecraft:cobblestone":16,"minecraft:feather":6,"minecraft:copper_ingot":1,"minecraft:stick":5,"minecraft:iron_block":2,"minecraft:torch":9,"tombstone:grave_key":1,"tombstone:grave_dust":1,"minecraft:string":46,"minecraft:pink_petals":27,"minecraft:smooth_basalt":1,"minecraft:furnace":2,"minecraft:kelp":2,"alexsmobs:maggot":3,"minecraft:oak_trapdoor":3,"minecraft:tuff":9,"sophisticatedbackpacks:backpack":1,"minecraft:cherry_slab":9,"minecraft:spruce_fence":1,"instrumentalmobs:trumpet":1,"alexscaves:radgill":1,"minecraft:cobblestone_slab":34,"minecraft:stone":64,"minecraft:bundle":1,"minecraft:yellow_bed":1,"minecraft:spider_eye":3,"minecraft:calcite":5,"minecraft:medium_amethyst_bud":3},"minecraft:used":{"minecraft:iron_shovel":773,"sophisticatedbackpacks:copper_backpack":1,"minecraft:chest":6,"minecraft:shield":84,"minecraft:stone":9,"minecraft:iron_sword":491,"minecraft:rotten_flesh":2,"minecraft:iron_chestplate":1,"quark:cherry_chest":14,"minecraft:lava_bucket":1,"minecraft:lantern":22,"minecraft:bow":13,"minecraft:furnace":7,"minecraft:potato":282,"minecraft:mossy_stone_bricks":1,"minecraft:damaged_anvil":1,"minecraft:stone_pickaxe":271,"create:crimsite":10,"minecraft:wooden_pickaxe":3,"minecraft:glow_berries":123,"sophisticatedbackpacks:backpack":3,"minecraft:bread":27,"minecraft:birch_log":6,"minecraft:bone_meal":33,"minecraft:cherry_boat":4,"sophisticatedbackpacks:iron_backpack":2,"minecraft:enchanting_table":1,"minecraft:stone_sword":47,"minecraft:stone_hoe":3,"minecraft:cooked_chicken":7,"minecraft:torch":142,"minecraft:brewing_stand":3,"minecraft:dirt":459,"minecraft:cobblestone_wall":29,"minecraft:diamond_helmet":1,"quark:cherry_bookshelf":15,"minecraft:iron_hoe":6,"minecraft:rooted_dirt":4,"minecraft:iron_axe":497,"minecraft:cherry_slab":10,"minecraft:cherry_trapdoor":6,"minecraft:smooth_basalt":3,"tombstone:gift":8,"minecraft:cooked_beef":4,"minecraft:cobbled_deepslate":1,"minecraft:wheat_seeds":39,"minecraft:cooked_mutton":10,"alexsmobs:cooked_catfish":10,"minecraft:water_bucket":209,"minecraft:chiseled_bookshelf":1,"minecraft:iron_ore":23,"minecraft:cobblestone_stairs":49,"minecraft:baked_potato":76,"minecraft:cherry_planks":384,"minecraft:cobblestone_slab":58,"minecraft:mossy_cobblestone":1,"minecraft:crafting_table":5,"minecraft:diamond_pickaxe":64,"minecraft:diamond_shovel":659,"minecraft:iron_pickaxe":2007,"alexscaves:spelunkie":3,"minecraft:stone_axe":61,"minecraft:potion":1,"minecraft:cobblestone":523,"minecraft:cherry_stairs":13,"minecraft:glass_pane":25,"minecraft:bucket":210,"minecraft:yellow_bed":1,"alexsmobs:animal_dictionary":2},"minecraft:picked_up":{"alexscaves:radgill":2,"minecraft:wheat":9,"alexscaves:cave_tablet":9,"minecraft:potion":3,"tombstone:grave_key":1,"minecraft:brewing_stand":3,"minecraft:amethyst_block":10,"minecraft:string":53,"minecraft:raw_copper":56,"create:limestone":7,"minecraft:cherry_boat":6,"minecraft:cobbled_deepslate":89,"minecraft:white_tulip":1,"minecraft:cobblestone_slab":43,"minecraft:calcite":10,"dungeonnowloading:mossy_cobblestone_pebble":1,"minecraft:melon_slice":14,"minecraft:furnace":11,"minecraft:stick":62,"apotheosis:gem":4,"quark:cherry_chest":3,"minecraft:torch":35,"minecraft:porkchop":4,"minecraft:dried_kelp":12,"minecraft:cherry_log":290,"tombstone:grave_dust":11,"instrumentalmobs:trumpet":2,"minecraft:stone_sword":1,"minecraft:rotten_flesh":69,"minecraft:carved_pumpkin":1,"alexsmobs:emu_egg":1,"minecraft:obsidian":7,"minecraft:cobblestone":1796,"minecraft:birch_log":16,"minecraft:pink_petals":402,"minecraft:feather":27,"minecraft:cooked_beef":1,"minecraft:cherry_planks":63,"minecraft:medium_amethyst_bud":6,"minecraft:andesite":64,"minecraft:golden_leggings":1,"minecraft:potato":81,"minecraft:flint":2,"create:raw_zinc":9,"minecraft:lantern":3,"minecraft:lapis_lazuli":64,"minecraft:dirt":1595,"minecraft:glass":2,"minecraft:bone":21,"minecraft:bow":3,"minecraft:wheat_seeds":80,"minecraft:raw_gold":27,"trials:ominous_bottle":1,"minecraft:mossy_stone_bricks":1,"minecraft:bamboo":58,"minecraft:moss_block":69,"minecraft:oak_planks":8,"minecraft:sand":61,"dungeonnowloading:wooden_wall_rack":4,"alexsmobs:animal_dictionary":1,"minecraft:mossy_cobblestone":13,"minecraft:bundle":2,"minecraft:iron_hoe":1,"create:crimsite":24,"minecraft:yellow_carpet":1,"minecraft:diamond":18,"minecraft:crossbow":1,"minecraft:emerald":8,"minecraft:bread":39,"alexsmobs:maggot":7,"minecraft:rooted_dirt":9,"minecraft:netherrack":3,"minecraft:cherry_slab":4,"minecraft:coarse_dirt":32,"minecraft:crafting_table":4,"dungeonnowloading:wooden_wall_platform":3,"minecraft:splash_potion":1,"minecraft:chicken":10,"minecraft:ladder":1,"minecraft:clay_ball":4,"minecraft:brown_mushroom":9,"minecraft:gold_block":8,"minecraft:stripped_cherry_log":1,"minecraft:shield":1,"minecraft:cornflower":2,"minecraft:oak_trapdoor":3,"minecraft:blackstone":8,"minecraft:birch_sapling":1,"minecraft:chest":2,"minecraft:phantom_membrane":3,"minecraft:cherry_trapdoor":2,"minecraft:egg":4,"minecraft:raw_iron":168,"minecraft:stone":124,"minecraft:cherry_stairs":1,"minecraft:copper_ingot":1,"sophisticatedbackpacks:backpack":3,"minecraft:spruce_fence":1,"minecraft:redstone":44,"minecraft:iron_horse_armor":1,"minecraft:tnt":6,"minecraft:arrow":46,"minecraft:peony":7,"alexscaves:spelunkery_table":2,"minecraft:pink_tulip":2,"sophisticatedbackpacks:copper_backpack":1,"minecraft:glow_berries":3,"minecraft:mutton":14,"minecraft:skeleton_skull":1,"minecraft:white_wool":9,"minecraft:stripped_oak_log":2,"minecraft:glow_ink_sac":29,"minecraft:red_mushroom":18,"minecraft:packed_mud":1,"minecraft:oak_log":1,"minecraft:chainmail_chestplate":1,"minecraft:golden_boots":1,"minecraft:gunpowder":32,"minecraft:yellow_bed":3,"minecraft:cobblestone_wall":11,"minecraft:cobblestone_stairs":24,"minecraft:white_banner":1,"minecraft:cooked_mutton":1,"minecraft:kelp":4,"alexsmobs:cockroach_wing_fragment":2,"minecraft:iron_ingot":6,"alexscaves:radrock":128,"minecraft:cooked_chicken":2,"minecraft:iron_ore":23,"artifacts:steadfast_spikes":1,"alexscaves:polymer_plate":4,"minecraft:iron_sword":1,"minecraft:smooth_basalt":10,"minecraft:sweet_berries":13,"alexscaves:fissile_core":2,"minecraft:red_wool":1,"minecraft:gravel":38,"minecraft:spider_eye":7,"alexsmobs:raw_catfish":10,"minecraft:diamond_shovel":1,"minecraft:coal_ore":1,"minecraft:slime_ball":1,"minecraft:chainmail_leggings":1,"minecraft:cherry_sapling":107,"instrumentalmobs:french_horn":1,"minecraft:baked_potato":19,"minecraft:black_wool":1,"minecraft:damaged_anvil":1,"minecraft:coal":141},"minecraft:killed":{"alexsmobs:hummingbird":1,"minecraft:spider":10,"alexsmobs:murmur":1,"minecraft:skeleton":18,"minecraft:bee":1,"minecraft:chicken":10,"artifacts:mimic":1,"minecraft:pig":3,"minecraft:creeper":1,"minecraft:sheep":11,"minecraft:pillager":4,"minecraft:zombie":41,"alexsmobs:fly":5,"instrumentalmobs:drum_zombie":1,"alexsmobs:raccoon":1,"minecraft:phantom":5,"minecraft:drowned":1,"instrumentalmobs:trumpet_skeleton":1,"alexsmobs:catfish":6,"alexsmobs:cockroach":1,"minecraft:enderman":1},"minecraft:crafted":{"minecraft:oak_planks":12,"minecraft:cobblestone_slab":144,"minecraft:cherry_slab":18,"minecraft:cooked_chicken":5,"minecraft:cherry_boat":1,"minecraft:cobblestone_stairs":64,"sophisticatedbackpacks:crafting_upgrade":1,"quark:cherry_chest":13,"minecraft:cooked_mutton":11,"sophisticatedbackpacks:smelting_upgrade":1,"minecraft:glass":12,"minecraft:chest":4,"alexsmobs:cooked_catfish":10,"minecraft:stone_hoe":1,"sophisticatedbackpacks:backpack":1,"minecraft:crafting_table":4,"minecraft:iron_helmet":1,"minecraft:wooden_pickaxe":1,"minecraft:baked_potato":124,"minecraft:gold_block":9,"sophisticatedbackpacks:upgrade_base":2,"minecraft:iron_chestplate":1,"minecraft:diamond_pickaxe":1,"minecraft:stick":56,"minecraft:iron_ingot":217,"minecraft:iron_pickaxe":6,"minecraft:iron_block":17,"minecraft:stone_sword":1,"minecraft:gold_ingot":75,"minecraft:cherry_planks":624,"minecraft:coal":36,"minecraft:iron_nugget":81,"minecraft:furnace":6,"minecraft:bone_meal":33,"minecraft:pink_dye":2,"quark:cherry_bookshelf":15,"minecraft:glass_pane":32,"minecraft:lantern":9,"minecraft:cherry_trapdoor":4,"minecraft:iron_axe":2,"minecraft:cherry_stairs":24,"minecraft:stone_pickaxe":2,"minecraft:chiseled_bookshelf":1,"minecraft:cobblestone_wall":24,"minecraft:redstone_block":1,"sophisticatedbackpacks:iron_backpack":4,"minecraft:cooked_beef":3,"minecraft:coal_block":10,"minecraft:enchanting_table":1,"minecraft:iron_sword":3,"minecraft:stone_axe":1,"minecraft:air":0,"minecraft:cobblestone":5,"minecraft:iron_shovel":2,"minecraft:iron_leggings":1,"minecraft:torch":120,"minecraft:lapis_block":5},"minecraft:broken":{"minecraft:iron_shovel":2,"minecraft:iron_leggings":1,"minecraft:stone_pickaxe":2,"minecraft:iron_sword":1,"minecraft:shield":1,"minecraft:iron_axe":1,"minecraft:iron_pickaxe":6}},"DataVersion":3465}