{"stats":{"minecraft:killed":{"alexsmobs:hummingbird":1,"minecraft:skeleton":3,"minecraft:zombie":8,"instrumentalmobs:drum_zombie":1},"minecraft:custom":{"minecraft:interact_with_furnace":16,"minecraft:mob_kills":16,"minecraft:interact_with_crafting_table":7,"minecraft:open_barrel":1,"minecraft:damage_dealt_resisted":0,"minecraft:leave_game":1,"minecraft:time_since_death":22314,"minecraft:climb_one_cm":1220,"minecraft:time_since_rest":20807,"minecraft:sprint_one_cm":89863,"minecraft:damage_taken":1511,"minecraft:walk_one_cm":124110,"minecraft:damage_blocked_by_shield":975,"minecraft:trigger_trapped_chest":1,"minecraft:drop":6,"minecraft:damage_dealt":2954,"minecraft:swim_one_cm":2431,"minecraft:fly_one_cm":134081,"minecraft:crouch_one_cm":4223,"minecraft:play_time":46630,"tombstone:undead_killed":12,"minecraft:deaths":1,"minecraft:sneak_time":1301,"minecraft:walk_under_water_one_cm":1783,"minecraft:jump":966,"minecraft:walk_on_water_one_cm":3689,"minecraft:total_world_time":46630,"minecraft:fall_one_cm":31092},"minecraft:picked_up":{"minecraft:crafting_table":2,"minecraft:golden_carrot":11,"minecraft:andesite":9,"create:raw_zinc":4,"minecraft:dirt":19,"minecraft:string":2,"minecraft:bone":3,"minecraft:iron_boots":1,"minecraft:furnace":2,"minecraft:raw_iron":38,"minecraft:dandelion":1,"minecraft:cherry_log":44,"minecraft:carrot":6,"minecraft:arrow":1,"minecraft:rotten_flesh":9,"minecraft:stone_axe":1,"quark:music_disc_clock":1,"minecraft:cherry_sapling":1,"minecraft:coal":52,"minecraft:cobblestone":51},"minecraft:mined":{"create:zinc_ore":4,"minecraft:cherry_log":48,"minecraft:crafting_table":2,"minecraft:grass_block":8,"minecraft:tall_grass":1,"minecraft:cobblestone":4,"minecraft:furnace":2,"minecraft:iron_ore":39,"minecraft:andesite":9,"minecraft:grass":1,"minecraft:coal_ore":31,"minecraft:cherry_leaves":8,"minecraft:dirt":11,"minecraft:cobweb":1,"minecraft:stone":43},"minecraft:dropped":{"minecraft:stone_axe":1,"minecraft:dirt":5},"minecraft:used":{"minecraft:stone_sword":61,"minecraft:stone_pickaxe":79,"minecraft:wooden_pickaxe":8,"minecraft:shield":8,"minecraft:cherry_planks":90,"minecraft:dirt":14,"minecraft:crafting_table":2,"minecraft:carrot":9,"minecraft:iron_pickaxe":45,"minecraft:stone_axe":57,"minecraft:cobblestone":20,"minecraft:golden_carrot":11,"minecraft:furnace":2,"tombstone:gift":1,"alexsmobs:animal_dictionary":2,"minecraft:cherry_log":5},"minecraft:crafted":{"minecraft:cherry_planks":156,"minecraft:crafting_table":1,"minecraft:wooden_pickaxe":1,"minecraft:furnace":2,"dungeonnowloading:cobblestone_pebble":9,"minecraft:stone_axe":1,"minecraft:air":0,"minecraft:iron_boots":1,"minecraft:iron_chestplate":1,"minecraft:shield":1,"minecraft:stick":12,"minecraft:iron_ingot":18,"minecraft:iron_pickaxe":1,"minecraft:stone_pickaxe":1,"minecraft:stone_sword":1}},"DataVersion":3465}