{"stats":{"minecraft:mined":{"minecraft:spruce_planks":1,"quark:cherry_chest":3,"minecraft:cherry_log":32,"minecraft:cobblestone_stairs":26,"minecraft:grass_block":104,"minecraft:hopper":3,"minecraft:iron_ore":54,"minecraft:cobbled_deepslate":1,"minecraft:pumpkin":14,"minecraft:iron_bars":9,"amendments:wall_lantern":1,"alexscaves:underweed":1,"minecraft:smoker":2,"minecraft:torch":10,"minecraft:blast_furnace":4,"minecraft:chest":7,"minecraft:cobblestone":68,"minecraft:oak_planks":1,"minecraft:sugar_cane":8,"minecraft:wall_torch":9,"minecraft:cherry_slab":23,"minecraft:pink_petals":14,"minecraft:powered_rail":3,"minecraft:mud":1,"minecraft:wheat":31,"minecraft:smooth_stone_slab":3,"minecraft:grass":27,"minecraft:oak_log":1,"minecraft:sand":8,"minecraft:dirt":90,"minecraft:dispenser":5,"minecraft:piston":1,"minecraft:oak_leaves":2,"create:zinc_ore":35,"alexscaves:radrock":31,"minecraft:dark_oak_log":26,"minecraft:dark_oak_fence":2,"minecraft:redstone_wire":19,"minecraft:large_fern":2,"minecraft:hay_block":15,"alexscaves:radrock_uranium_ore":2,"minecraft:furnace":6,"minecraft:andesite":102,"minecraft:gold_block":1,"minecraft:bookshelf":43,"minecraft:potatoes":3,"minecraft:vine":1,"minecraft:cobblestone_slab":33,"minecraft:rail":2,"minecraft:stone":199,"minecraft:cherry_stairs":16,"minecraft:redstone_wall_torch":1,"minecraft:cherry_planks":141,"minecraft:comparator":1,"minecraft:stripped_dark_oak_log":1,"minecraft:oak_fence":1,"minecraft:crafting_table":12,"minecraft:emerald_ore":1,"minecraft:lectern":1,"minecraft:tall_grass":3,"minecraft:copper_ore":6,"minecraft:lapis_ore":8,"minecraft:lily_pad":1,"minecraft:redstone_torch":1,"minecraft:coal_ore":85,"minecraft:cherry_leaves":4,"minecraft:cobweb":44,"minecraft:gold_ore":4,"minecraft:fern":1},"minecraft:custom":{"minecraft:interact_with_crafting_table":55,"minecraft:open_barrel":71,"minecraft:leave_game":9,"minecraft:time_since_death":208333,"minecraft:damage_resisted":0,"minecraft:sprint_one_cm":952161,"minecraft:damage_blocked_by_shield":180,"minecraft:drop":77,"minecraft:talked_to_villager":1,"minecraft:play_time":504392,"minecraft:deaths":6,"minecraft:jump":5247,"minecraft:interact_with_brewingstand":1,"minecraft:walk_on_water_one_cm":75685,"minecraft:interact_with_furnace":76,"minecraft:interact_with_cartography_table":7,"minecraft:interact_with_loom":2,"minecraft:sleep_in_bed":3,"minecraft:waystone_activated":2,"minecraft:damage_dealt":14961,"minecraft:crouch_one_cm":47605,"tombstone:undead_killed":43,"minecraft:interact_with_smoker":14,"minecraft:inspect_dispenser":10,"minecraft:interact_with_smithing_table":2,"minecraft:mob_kills":76,"minecraft:inspect_hopper":8,"minecraft:damage_dealt_resisted":93,"minecraft:climb_one_cm":6779,"minecraft:walk_one_cm":1875333,"minecraft:damage_dealt_absorbed":40,"minecraft:sneak_time":24672,"minecraft:walk_under_water_one_cm":12330,"minecraft:boat_one_cm":309933,"minecraft:interact_with_blast_furnace":8,"minecraft:total_world_time":504392,"tombstone:raider_killed":12,"minecraft:time_since_rest":191004,"minecraft:damage_taken":8025,"minecraft:trigger_trapped_chest":12,"minecraft:swim_one_cm":27187,"minecraft:fly_one_cm":820639,"minecraft:open_chest":281,"minecraft:fall_one_cm":112683},"minecraft:dropped":{"minecraft:iron_sword":2,"minecraft:baked_potato":8,"minecraft:dirt":6,"minecraft:white_wool":13,"minecraft:sugar_cane":2,"alexscaves:waste_drum":4,"minecraft:cherry_sapling":7,"alexscaves:green_soylent":1,"minecraft:rotten_flesh":1,"minecraft:diamond_shovel":2,"minecraft:glowstone_dust":2,"minecraft:cooked_mutton":12,"minecraft:gunpowder":6,"apotheosis:gem":1,"minecraft:iron_bars":9,"minecraft:bread":10,"minecraft:wheat_seeds":1,"minecraft:cobblestone":8,"create:andesite_casing":1,"quark:clear_shard":4,"tombstone:grave_key":2,"minecraft:cherry_planks":2,"tombstone:grave_dust":2,"minecraft:string":50,"minecraft:pink_petals":20,"minecraft:lily_pad":1,"minecraft:redstone":1,"alexscaves:uranium":12,"minecraft:stone_shovel":1,"minecraft:iron_boots":1,"minecraft:iron_hoe":1,"minecraft:cherry_slab":3,"alexscaves:geothermal_vent":1,"minecraft:cobblestone_slab":7,"minecraft:peony":1,"minecraft:andesite":64,"minecraft:yellow_bed":1,"artifacts:eternal_steak":1,"minecraft:spider_eye":3,"minecraft:wooden_pickaxe":3},"minecraft:used":{"minecraft:dispenser":9,"minecraft:shield":3,"minecraft:iron_sword":352,"minecraft:rotten_flesh":29,"minecraft:iron_chestplate":1,"quark:cherry_chest":5,"minecraft:glass":4,"minecraft:lantern":2,"minecraft:iron_helmet":1,"minecraft:cherry_button":1,"minecraft:hopper_minecart":6,"minecraft:bow":3,"minecraft:furnace":5,"minecraft:potato":108,"minecraft:powered_rail":5,"minecraft:stone_pickaxe":238,"minecraft:oak_planks":1,"minecraft:wooden_pickaxe":26,"minecraft:redstone_torch":4,"minecraft:dark_oak_log":8,"minecraft:bread":69,"minecraft:lectern":1,"minecraft:andesite":39,"minecraft:smooth_stone_slab":111,"minecraft:bone_meal":9,"minecraft:oak_fence":1,"minecraft:stone_sword":1,"minecraft:redstone":5,"minecraft:spruce_planks":3,"minecraft:torch":99,"minecraft:dirt":154,"minecraft:hopper":4,"minecraft:chainmail_chestplate":1,"minecraft:iron_hoe":92,"minecraft:wooden_axe":61,"minecraft:iron_axe":289,"minecraft:cherry_slab":24,"minecraft:iron_boots":1,"tombstone:gift":6,"minecraft:cherry_log":4,"minecraft:iron_leggings":1,"minecraft:wheat_seeds":84,"minecraft:cooked_mutton":13,"minecraft:water_bucket":46,"minecraft:cobblestone_stairs":64,"minecraft:baked_potato":39,"minecraft:cherry_planks":374,"minecraft:cobblestone_slab":106,"minecraft:rail":8,"minecraft:crafting_table":15,"minecraft:smoker":1,"minecraft:apple":2,"minecraft:diamond_shovel":175,"minecraft:iron_pickaxe":495,"minecraft:map":1,"minecraft:cobblestone":197,"minecraft:cherry_stairs":16,"minecraft:cooked_porkchop":9,"minecraft:bucket":50,"alexsmobs:animal_dictionary":1,"alexscaves:radrock":30},"minecraft:picked_up":{"alexscaves:waste_drum":4,"minecraft:wheat":34,"minecraft:enchanted_book":2,"minecraft:potion":1,"tombstone:grave_key":2,"minecraft:string":118,"minecraft:raw_copper":16,"minecraft:smooth_stone_slab":3,"minecraft:cobbled_deepslate":96,"minecraft:comparator":1,"minecraft:spruce_planks":3,"minecraft:redstone_torch":2,"minecraft:cobblestone_slab":108,"minecraft:hopper_minecart":3,"minecraft:iron_boots":2,"minecraft:furnace":6,"minecraft:tipped_arrow":1,"minecraft:stick":22,"apotheosis:gem":2,"minecraft:oak_fence":1,"quark:cherry_chest":3,"minecraft:torch":50,"create:andesite_casing":1,"minecraft:cherry_log":36,"tombstone:grave_dust":13,"instrumentalmobs:trumpet":1,"quark:clear_shard":4,"minecraft:rotten_flesh":25,"minecraft:iron_bars":18,"minecraft:cobblestone":527,"minecraft:pink_petals":46,"minecraft:cherry_planks":151,"minecraft:andesite":167,"minecraft:smoker":2,"minecraft:potato":92,"create:raw_zinc":34,"minecraft:lantern":2,"minecraft:dirt":247,"minecraft:lapis_lazuli":38,"minecraft:bone":12,"alexscaves:toxic_paste":2,"minecraft:wheat_seeds":98,"minecraft:bell":1,"minecraft:raw_gold":4,"minecraft:bamboo":3,"minecraft:glowstone_dust":3,"minecraft:powered_rail":2,"minecraft:oak_planks":1,"minecraft:cooked_porkchop":3,"alexscaves:uranium":12,"minecraft:sand":8,"minecraft:dark_oak_log":26,"minecraft:dispenser":5,"minecraft:sugar":2,"minecraft:emerald":3,"minecraft:bread":29,"alexsmobs:maggot":1,"alexsmobs:banana_slug_slime":1,"minecraft:oak_sapling":1,"minecraft:cherry_slab":31,"minecraft:dark_oak_fence":1,"minecraft:crafting_table":12,"minecraft:turtle_helmet":1,"minecraft:wooden_pickaxe":2,"minecraft:gold_block":1,"alexsmobs:elastic_tendon":1,"minecraft:lectern":1,"minecraft:sugar_cane":19,"minecraft:chest":7,"minecraft:piston":1,"minecraft:phantom_membrane":2,"minecraft:egg":1,"minecraft:dark_oak_sapling":7,"minecraft:raw_iron":54,"minecraft:cherry_stairs":24,"alexscaves:geothermal_vent":1,"minecraft:redstone":30,"minecraft:arrow":18,"minecraft:stone_shovel":2,"minecraft:peony":1,"minecraft:hay_block":15,"tombstone:essence_of_undeath":2,"minecraft:white_wool":13,"minecraft:mutton":10,"minecraft:rail":5,"artifacts:eternal_steak":1,"minecraft:leather":4,"minecraft:oak_log":1,"minecraft:chainmail_chestplate":1,"minecraft:lily_pad":2,"minecraft:yellow_bed":1,"minecraft:gunpowder":2,"minecraft:cobblestone_stairs":56,"minecraft:paper":1,"minecraft:cooked_mutton":15,"alexsmobs:unsettling_kimono":1,"alexscaves:green_soylent":1,"alexscaves:radrock":34,"minecraft:iron_ingot":10,"minecraft:glass_bottle":9,"minecraft:iron_sword":1,"minecraft:book":127,"minecraft:milk_bucket":1,"minecraft:pumpkin":14,"minecraft:blast_furnace":4,"minecraft:diamond_shovel":1,"minecraft:slime_ball":5,"minecraft:iron_helmet":1,"minecraft:cherry_sapling":18,"minecraft:baked_potato":30,"minecraft:stripped_dark_oak_log":1,"minecraft:coal":148,"minecraft:hopper":3,"minecraft:ender_pearl":1},"minecraft:killed":{"minecraft:witch":4,"minecraft:skeleton":15,"trials:bogged":2,"alexscaves:gammaroach":1,"minecraft:creeper":2,"minecraft:sheep":7,"minecraft:pillager":3,"minecraft:donkey":3,"minecraft:zombie":21,"alexscaves:brainiac":1,"minecraft:vindicator":1,"minecraft:slime":8,"minecraft:phantom":4,"minecraft:horse":1,"minecraft:enderman":1},"minecraft:crafted":{"minecraft:smooth_stone":55,"minecraft:oak_planks":4,"minecraft:stone":8,"quark:cherry_chest":5,"minecraft:cooked_mutton":10,"minecraft:glass":8,"minecraft:hopper":2,"minecraft:bow":5,"minecraft:iron_boots":2,"minecraft:rail":16,"sophisticatedbackpacks:backpack":2,"minecraft:cooked_porkchop":6,"minecraft:map":1,"minecraft:crafting_table":4,"minecraft:wooden_pickaxe":1,"minecraft:baked_potato":8,"minecraft:iron_helmet":2,"minecraft:cherry_button":1,"minecraft:hopper_minecart":1,"minecraft:dispenser":4,"minecraft:iron_chestplate":2,"minecraft:paper":9,"minecraft:shield":1,"minecraft:stick":60,"minecraft:iron_ingot":115,"minecraft:iron_pickaxe":2,"minecraft:iron_block":2,"minecraft:stone_sword":1,"minecraft:gold_ingot":6,"minecraft:redstone_torch":2,"minecraft:cherry_planks":356,"minecraft:smooth_stone_slab":108,"minecraft:furnace":1,"minecraft:bone_meal":9,"minecraft:iron_axe":2,"minecraft:iron_hoe":1,"minecraft:stone_pickaxe":2,"minecraft:minecart":1,"minecraft:wheat":135,"minecraft:dried_kelp":12,"minecraft:powered_rail":6,"minecraft:iron_sword":2,"minecraft:bucket":4,"minecraft:bread":64,"minecraft:air":0,"minecraft:wooden_axe":1,"minecraft:iron_leggings":1,"minecraft:torch":72},"minecraft:broken":{"minecraft:iron_boots":1,"minecraft:stone_pickaxe":2,"minecraft:wooden_axe":1,"minecraft:iron_pickaxe":1,"minecraft:iron_helmet":1}},"DataVersion":3465}