{"stats":{"minecraft:mined":{"minecraft:white_bed":2,"minecraft:cherry_log":5,"minecraft:carved_pumpkin":1,"minecraft:acacia_log":20,"minecraft:grass_block":104,"farmersdelight:tomatoes":4,"quark:acacia_chest":1,"minecraft:polished_diorite":1,"minecraft:oxeye_daisy":1,"minecraft:hay_block":42,"minecraft:furnace":2,"minecraft:iron_ore":6,"minecraft:barrel":1,"minecraft:target":2,"minecraft:peony":1,"minecraft:bookshelf":6,"minecraft:dirt_path":1,"minecraft:lantern":3,"minecraft:stone":67,"minecraft:white_wool":1,"minecraft:acacia_leaves":13,"minecraft:scaffolding":4,"minecraft:brown_carpet":1,"minecraft:dandelion":2,"minecraft:crafting_table":9,"minecraft:cornflower":2,"minecraft:torch":1,"minecraft:blast_furnace":1,"minecraft:emerald_ore":2,"minecraft:poppy":1,"minecraft:melon":7,"minecraft:chest":4,"minecraft:stone_slab":1,"farmersdelight:cabbages":4,"minecraft:glass":4,"minecraft:tall_grass":27,"minecraft:cobblestone":46,"minecraft:sugar_cane":5,"minecraft:oak_planks":1,"minecraft:pink_petals":1,"minecraft:seagrass":1,"minecraft:birch_planks":9,"minecraft:birch_log":5,"minecraft:wheat":52,"minecraft:birch_leaves":6,"minecraft:grass":86,"minecraft:oak_log":7,"minecraft:coal_ore":50,"minecraft:dirt":14,"minecraft:cobweb":3,"minecraft:acacia_planks":3,"minecraft:oak_leaves":14,"minecraft:fern":1},"minecraft:dropped":{"minecraft:wheat_seeds":5,"minecraft:feather":2,"alexsmobs:bison_fur":1,"minecraft:coal":5,"minecraft:stick":3,"minecraft:acacia_sign":1,"tombstone:grave_key":3,"tombstone:grave_dust":1,"minecraft:pink_petals":4,"minecraft:acacia_planks":2,"minecraft:bone":2,"minecraft:polished_diorite":1,"alexsmobs:animal_dictionary":1,"minecraft:stone_slab":2,"minecraft:leather_chestplate":2,"minecraft:peony":1,"minecraft:leather_boots":2,"minecraft:oak_boat":1,"minecraft:wooden_shovel":1,"minecraft:leather_leggings":2,"minecraft:barrel":2,"minecraft:brown_carpet":4,"minecraft:wooden_pickaxe":1,"minecraft:terracotta":3},"minecraft:custom":{"minecraft:mob_kills":30,"minecraft:interact_with_crafting_table":21,"minecraft:open_barrel":1,"minecraft:damage_dealt_resisted":0,"minecraft:leave_game":6,"minecraft:time_since_death":82577,"minecraft:climb_one_cm":566,"minecraft:damage_resisted":49,"minecraft:sprint_one_cm":360522,"minecraft:walk_one_cm":187163,"minecraft:damage_blocked_by_shield":810,"minecraft:drop":36,"minecraft:play_time":138692,"minecraft:deaths":6,"minecraft:sneak_time":5788,"minecraft:walk_under_water_one_cm":15552,"minecraft:boat_one_cm":16273,"minecraft:jump":2992,"minecraft:walk_on_water_one_cm":21356,"minecraft:total_world_time":138692,"minecraft:interact_with_furnace":14,"minecraft:sleep_in_bed":2,"minecraft:waystone_activated":3,"minecraft:time_since_rest":54160,"minecraft:damage_taken":3058,"minecraft:trigger_trapped_chest":2,"minecraft:damage_dealt":4537,"minecraft:swim_one_cm":62009,"minecraft:fly_one_cm":643669,"minecraft:open_chest":47,"minecraft:crouch_one_cm":13865,"tombstone:undead_killed":16,"minecraft:fall_one_cm":84139},"minecraft:used":{"minecraft:stone_sword":70,"minecraft:stone_shovel":102,"minecraft:chest":4,"minecraft:shield":12,"minecraft:wooden_shovel":15,"minecraft:rotten_flesh":2,"minecraft:dirt":57,"minecraft:wooden_axe":33,"minecraft:iron_axe":75,"minecraft:furnace":3,"tombstone:gift":6,"minecraft:cooked_beef":7,"minecraft:acacia_planks":6,"minecraft:cooked_mutton":2,"minecraft:birch_planks":19,"minecraft:oak_planks":3,"minecraft:golden_hoe":30,"minecraft:crafting_table":12,"quark:acacia_chest":9,"minecraft:white_bed":3,"minecraft:bread":27,"minecraft:melon_slice":2,"minecraft:iron_pickaxe":224,"minecraft:stone_axe":24,"minecraft:cobblestone":69,"minecraft:oak_boat":1,"alexsmobs:animal_dictionary":2},"minecraft:picked_up":{"minecraft:crafting_table":10,"minecraft:iron_chestplate":1,"minecraft:wheat":48,"minecraft:chicken":1,"minecraft:leather_leggings":2,"minecraft:stone_slab":3,"minecraft:cornflower":15,"minecraft:string":4,"minecraft:item_frame":5,"minecraft:iron_leggings":1,"minecraft:armor_stand":4,"minecraft:experience_bottle":1,"minecraft:beef":14,"minecraft:acacia_sign":1,"minecraft:oak_boat":1,"minecraft:player_head":2,"minecraft:iron_pickaxe":1,"minecraft:melon_slice":37,"minecraft:sugar_cane":9,"minecraft:chest":4,"farmersdelight:cabbage_seeds":4,"minecraft:iron_boots":1,"minecraft:furnace":2,"minecraft:stick":3,"minecraft:raw_iron":6,"minecraft:torch":9,"minecraft:acacia_log":20,"minecraft:porkchop":2,"minecraft:target":2,"farmersdelight:tomato_seeds":4,"minecraft:cherry_log":5,"tombstone:grave_dust":5,"minecraft:trident":1,"minecraft:golden_chestplate":1,"minecraft:brown_carpet":4,"minecraft:arrow":6,"quark:clear_shard":13,"minecraft:rotten_flesh":17,"minecraft:peony":1,"quark:acacia_chest":1,"minecraft:hay_block":41,"minecraft:iron_block":2,"minecraft:carved_pumpkin":1,"minecraft:gold_ingot":2,"minecraft:mutton":8,"minecraft:cobblestone":114,"minecraft:white_wool":4,"minecraft:oxeye_daisy":1,"minecraft:birch_log":5,"minecraft:pink_petals":4,"minecraft:leather_chestplate":2,"minecraft:feather":2,"minecraft:leather":4,"minecraft:birch_planks":9,"alexsmobs:bison_fur":1,"minecraft:oak_log":7,"minecraft:dirt":118,"minecraft:lantern":3,"minecraft:leather_boots":1,"minecraft:cooked_mutton":2,"minecraft:bone":7,"minecraft:acacia_planks":5,"minecraft:bow":1,"minecraft:wheat_seeds":127,"minecraft:iron_ingot":2,"minecraft:oak_planks":1,"minecraft:book":19,"minecraft:scaffolding":4,"minecraft:blast_furnace":1,"sophisticatedbackpacks:iron_backpack":1,"minecraft:white_bed":2,"alexsmobs:animal_dictionary":2,"minecraft:barrel":2,"minecraft:polished_diorite":1,"minecraft:iron_helmet":1,"minecraft:gray_wool":2,"minecraft:emerald":2,"minecraft:terracotta":3,"minecraft:oak_sapling":2,"minecraft:coal":70},"minecraft:killed":{"minecraft:spider":1,"minecraft:skeleton":5,"minecraft:chicken":1,"alexsmobs:bison":1,"minecraft:skeleton_horse":1,"minecraft:pig":1,"minecraft:sheep":5,"minecraft:zombie":10,"minecraft:cow":4},"minecraft:crafted":{"minecraft:oak_planks":28,"minecraft:stone_shovel":1,"minecraft:leather_boots":1,"minecraft:furnace":1,"minecraft:cooked_mutton":3,"quark:acacia_chest":8,"minecraft:iron_boots":1,"minecraft:wheat":189,"minecraft:cooked_beef":7,"minecraft:wooden_shovel":1,"minecraft:crafting_table":2,"minecraft:wooden_pickaxe":1,"minecraft:birch_planks":20,"minecraft:stone_axe":1,"minecraft:bread":63,"minecraft:air":0,"minecraft:oak_boat":1,"minecraft:iron_chestplate":1,"minecraft:shield":1,"minecraft:stick":20,"minecraft:iron_pickaxe":1,"minecraft:iron_ingot":18,"minecraft:wooden_axe":1,"minecraft:stone_sword":1,"minecraft:white_bed":1,"minecraft:acacia_planks":80},"minecraft:broken":{"minecraft:iron_pickaxe":1}},"DataVersion":3465}