{"stats":{"minecraft:used":{"minecraft:stone_pickaxe":84,"minecraft:baked_potato":20,"minecraft:iron_chestplate":1,"minecraft:white_wool":7,"minecraft:torch":4,"minecraft:dirt":1,"minecraft:crafting_table":2,"minecraft:iron_pickaxe":235,"minecraft:iron_helmet":1,"minecraft:stone_axe":14,"minecraft:cobblestone":28,"minecraft:furnace":1,"minecraft:potato":2},"minecraft:dropped":{"alexsmobs:animal_dictionary":2,"minecraft:wheat":2,"minecraft:book":1,"minecraft:clay_ball":3,"patchouli:guide_book":2,"minecraft:torch":21,"minecraft:green_dye":1,"apotheosis:gem":1,"minecraft:cherry_planks":2,"minecraft:dead_bush":14,"minecraft:arrow":3,"minecraft:stone_pickaxe":1,"minecraft:string":4,"minecraft:pink_petals":4},"minecraft:broken":{"minecraft:stone_pickaxe":1},"minecraft:picked_up":{"minecraft:pink_petals":4,"minecraft:crafting_table":2,"minecraft:potato":112,"create:raw_zinc":21,"minecraft:blue_bed":1,"minecraft:lapis_lazuli":16,"minecraft:dirt":1,"minecraft:string":4,"minecraft:bone":3,"minecraft:raw_gold":6,"minecraft:stone_pickaxe":1,"minecraft:furnace":1,"minecraft:raw_iron":69,"apotheosis:gem":1,"patchouli:guide_book":1,"minecraft:torch":4,"minecraft:cherry_log":2,"minecraft:cookie":16,"minecraft:dead_bush":7,"alexsmobs:animal_dictionary":1,"minecraft:arrow":3,"minecraft:chainmail_leggings":1,"minecraft:hay_block":4,"minecraft:mutton":7,"minecraft:coal":182,"minecraft:white_wool":7,"minecraft:cobblestone":66},"minecraft:killed":{"minecraft:sheep":5,"minecraft:skeleton":1,"minecraft:zombie":1},"minecraft:crafted":{"minecraft:cherry_planks":8,"minecraft:crafting_table":1,"minecraft:baked_potato":64,"minecraft:furnace":1,"minecraft:stone_axe":1,"minecraft:bread":13,"minecraft:air":0,"minecraft:stick":4,"minecraft:stone_pickaxe":1,"minecraft:torch":44,"minecraft:wheat":36},"minecraft:custom":{"minecraft:interact_with_smithing_table":1,"minecraft:interact_with_furnace":58,"minecraft:mob_kills":7,"minecraft:interact_with_crafting_table":5,"minecraft:open_barrel":9,"minecraft:damage_dealt_resisted":0,"minecraft:leave_game":3,"minecraft:time_since_death":54277,"minecraft:sleep_in_bed":3,"minecraft:climb_one_cm":2114,"minecraft:time_since_rest":36268,"minecraft:waystone_activated":2,"minecraft:sprint_one_cm":170259,"minecraft:damage_taken":859,"minecraft:walk_one_cm":160155,"minecraft:drop":20,"minecraft:damage_dealt":812,"minecraft:swim_one_cm":4066,"minecraft:fly_one_cm":178096,"minecraft:open_chest":38,"minecraft:crouch_one_cm":6131,"minecraft:play_time":54277,"tombstone:undead_killed":2,"minecraft:sneak_time":2821,"minecraft:walk_under_water_one_cm":1830,"minecraft:jump":820,"minecraft:walk_on_water_one_cm":2106,"minecraft:total_world_time":54277,"minecraft:fall_one_cm":17988},"minecraft:mined":{"create:zinc_ore":16,"create:deepslate_zinc_ore":5,"minecraft:tuff":1,"minecraft:blackstone":8,"minecraft:cherry_log":2,"minecraft:crafting_table":2,"minecraft:cobblestone":1,"minecraft:deepslate_coal_ore":3,"minecraft:lapis_ore":1,"minecraft:deepslate_gold_ore":3,"minecraft:sandstone":1,"minecraft:blue_bed":1,"minecraft:wall_torch":3,"minecraft:hay_block":4,"minecraft:furnace":1,"minecraft:iron_ore":61,"minecraft:deepslate_lapis_ore":1,"minecraft:grass":4,"minecraft:potatoes":13,"minecraft:coal_ore":143,"minecraft:deepslate_iron_ore":11,"minecraft:dirt":1,"minecraft:smooth_basalt":1,"minecraft:stone":56,"create:veridium":1,"minecraft:gold_ore":3,"minecraft:white_wool":2}},"DataVersion":3465}