{"stats":{"minecraft:custom":{"minecraft:interact_with_smithing_table":2,"minecraft:mob_kills":45,"exposure:interact_with_lightroom":1,"minecraft:interact_with_crafting_table":126,"minecraft:open_barrel":2,"minecraft:bell_ring":1,"minecraft:damage_dealt_resisted":0,"minecraft:leave_game":13,"minecraft:time_since_death":91290,"minecraft:climb_one_cm":34368,"minecraft:damage_resisted":0,"minecraft:sprint_one_cm":1476685,"minecraft:walk_one_cm":3531308,"minecraft:drop":126,"minecraft:talked_to_villager":1,"minecraft:play_time":789855,"minecraft:sneak_time":22345,"minecraft:deaths":5,"minecraft:walk_under_water_one_cm":101362,"minecraft:jump":13611,"minecraft:interact_with_brewingstand":1,"minecraft:walk_on_water_one_cm":213629,"minecraft:total_world_time":789855,"minecraft:interact_with_furnace":52,"tombstone:raider_killed":4,"minecraft:sleep_in_bed":16,"minecraft:waystone_activated":3,"minecraft:time_since_rest":58521,"minecraft:damage_taken":12955,"minecraft:damage_dealt":7392,"minecraft:interact_with_beacon":3,"minecraft:swim_one_cm":33354,"minecraft:fly_one_cm":1790673,"minecraft:open_chest":110,"minecraft:crouch_one_cm":59517,"tombstone:undead_killed":24,"tombstone:villager_killed":2,"minecraft:interact_with_smoker":10,"minecraft:fall_one_cm":326099,"minecraft:horse_one_cm":28681},"minecraft:broken":{"minecraft:wooden_shovel":1,"minecraft:iron_boots":1,"minecraft:iron_chestplate":1,"minecraft:iron_leggings":1,"minecraft:stone_pickaxe":1,"minecraft:stone_axe":7,"minecraft:iron_helmet":2,"minecraft:wooden_axe":2,"minecraft:stone_shovel":1},"minecraft:crafted":{"minecraft:cherry_planks":416,"minecraft:wooden_sword":1,"minecraft:oak_planks":4,"minecraft:stone_shovel":3,"minecraft:iron_nugget":45,"minecraft:furnace":2,"quark:cherry_chest":2,"minecraft:glass_pane":48,"minecraft:scaffolding":6,"minecraft:glass":31,"minecraft:cherry_trapdoor":2,"minecraft:lantern":5,"minecraft:spruce_stairs":16,"quark:cobblestone_bricks":8,"minecraft:cherry_stairs":20,"minecraft:stone_pickaxe":3,"quark:spruce_chest":2,"minecraft:deepslate":8,"minecraft:wooden_shovel":2,"minecraft:crafting_table":3,"minecraft:spruce_planks":44,"minecraft:wooden_pickaxe":1,"minecraft:baked_potato":137,"minecraft:iron_sword":2,"minecraft:stone_axe":10,"minecraft:shield":1,"minecraft:stick":76,"minecraft:iron_ingot":17,"minecraft:iron_pickaxe":2,"minecraft:wooden_axe":2,"minecraft:stone_sword":2,"minecraft:cherry_door":6},"minecraft:killed":{"minecraft:cave_spider":1,"minecraft:spider":2,"minecraft:slime":1,"minecraft:phantom":1,"minecraft:skeleton":3,"minecraft:pig":1,"minecraft:salmon":2,"minecraft:wandering_trader":2,"minecraft:creeper":2,"minecraft:trader_llama":2,"minecraft:pillager":3,"minecraft:zombie":19,"alexsmobs:fly":1,"instrumentalmobs:drum_zombie":1},"minecraft:dropped":{"minecraft:iron_sword":1,"minecraft:baked_potato":5,"minecraft:cooked_porkchop":2,"minecraft:cobblestone":91,"minecraft:lead":3,"instrumentalmobs:drum":1,"minecraft:wooden_axe":1,"minecraft:iron_pickaxe":1,"minecraft:bucket":2,"minecraft:cherry_stairs":1,"minecraft:stone_sword":1,"minecraft:cherry_sapling":4,"minecraft:chicken":5,"minecraft:rotten_flesh":2,"minecraft:glowstone_dust":1,"minecraft:shield":1,"minecraft:trident":1,"minecraft:peony":2,"minecraft:bow":1,"minecraft:stone_pickaxe":2,"minecraft:wooden_pickaxe":1},"minecraft:used":{"minecraft:peony":5,"minecraft:cherry_sapling":30,"minecraft:trident":3,"minecraft:stone_sword":157,"minecraft:white_tulip":2,"minecraft:iron_shovel":147,"minecraft:stone_shovel":208,"minecraft:iron_sword":202,"minecraft:wooden_shovel":80,"minecraft:bell":1,"minecraft:spruce_leaves":3,"quark:cherry_chest":2,"minecraft:torch":63,"minecraft:dirt":500,"minecraft:spruce_stairs":2,"minecraft:carrot":2,"minecraft:axolotl_bucket":1,"minecraft:azure_bluet":5,"alexsmobs:maggot":2,"minecraft:milk_bucket":1,"minecraft:wooden_axe":118,"quark:spruce_chest":2,"minecraft:lantern":13,"minecraft:cherry_trapdoor":3,"minecraft:bamboo":2,"minecraft:magma_block":5,"minecraft:bow":76,"minecraft:sweet_berries":6,"minecraft:scaffolding":93,"minecraft:furnace":2,"comforts:sleeping_bag_white":1,"tombstone:gift":5,"minecraft:cherry_log":508,"minecraft:water_bucket":118,"minecraft:pink_tulip":9,"minecraft:lead":1,"quark:cobblestone_bricks":14,"minecraft:stone_pickaxe":307,"minecraft:powered_rail":2,"minecraft:baked_potato":187,"minecraft:pink_banner":1,"minecraft:wooden_pickaxe":13,"minecraft:cherry_planks":295,"minecraft:oak_leaves":16,"minecraft:mossy_cobblestone":39,"minecraft:crafting_table":5,"minecraft:painting":9,"minecraft:cornflower":3,"minecraft:cherry_door":8,"minecraft:iron_pickaxe":185,"minecraft:brown_wool":2,"minecraft:stone_axe":1201,"minecraft:magenta_banner":2,"minecraft:pink_petals":200,"minecraft:wooden_sword":14,"minecraft:cherry_stairs":19,"minecraft:cobblestone":52,"minecraft:cooked_porkchop":9,"minecraft:glass_pane":46,"minecraft:bucket":118,"minecraft:yellow_bed":1,"alexsmobs:animal_dictionary":1,"minecraft:stripped_cherry_log":1},"minecraft:mined":{"minecraft:tuff":2,"minecraft:mossy_cobblestone":63,"minecraft:magenta_banner":1,"minecraft:cherry_log":839,"farmersdelight:wild_carrots":2,"minecraft:cherry_sapling":5,"minecraft:stripped_cherry_log":10,"minecraft:glow_lichen":1,"minecraft:cherry_trapdoor":1,"minecraft:grass_block":357,"minecraft:decorated_pot":1,"minecraft:spruce_leaves":27,"minecraft:frosted_ice":19,"minecraft:oxeye_daisy":1,"minecraft:cherry_wall_sign":1,"minecraft:large_fern":6,"minecraft:tall_seagrass":2,"minecraft:magma_block":7,"trials:chiseled_tuff_bulb":1,"minecraft:iron_ore":3,"minecraft:stripped_spruce_log":1,"minecraft:deepslate_lapis_ore":5,"minecraft:peony":11,"minecraft:azure_bluet":15,"minecraft:pointed_dripstone":2,"minecraft:flowering_azalea_leaves":2,"minecraft:dirt_path":1,"minecraft:deepslate_iron_ore":10,"amendments:wall_lantern":2,"minecraft:pink_tulip":12,"minecraft:azalea_leaves":1,"minecraft:bamboo":12,"minecraft:white_tulip":6,"minecraft:cherry_stairs":6,"minecraft:stone":207,"minecraft:blue_orchid":11,"minecraft:scaffolding":59,"minecraft:cherry_planks":180,"minecraft:glass_pane":13,"minecraft:blackstone":5,"minecraft:clay":3,"quark:cobblestone_bricks":14,"minecraft:cornflower":19,"minecraft:torch":20,"minecraft:crafting_table":3,"minecraft:calcite":1,"minecraft:tall_grass":48,"minecraft:cobblestone":5,"minecraft:wall_torch":20,"minecraft:pink_petals":170,"minecraft:spruce_stairs":2,"minecraft:seagrass":2,"minecraft:white_terracotta":2,"minecraft:coarse_dirt":9,"minecraft:powered_rail":2,"quark:water_pink_petals":1,"minecraft:birch_log":11,"minecraft:sweet_berry_bush":7,"minecraft:spruce_log":17,"minecraft:birch_leaves":13,"minecraft:cherry_door":2,"minecraft:bee_nest":2,"minecraft:yellow_bed":1,"minecraft:grass":124,"minecraft:oak_log":2,"minecraft:coal_ore":79,"minecraft:gravel":13,"minecraft:dirt":430,"minecraft:cherry_leaves":122,"minecraft:sand":55,"minecraft:smooth_basalt":6,"minecraft:gold_ore":4,"minecraft:oak_leaves":13,"minecraft:deepslate":13,"minecraft:fern":5},"minecraft:picked_up":{"minecraft:wooden_axe":1,"minecraft:iron_chestplate":1,"minecraft:coarse_dirt":8,"minecraft:crafting_table":3,"minecraft:azure_bluet":9,"minecraft:chicken":5,"minecraft:clay_ball":8,"minecraft:lead":15,"minecraft:wooden_pickaxe":1,"minecraft:stripped_cherry_log":8,"minecraft:shield":1,"minecraft:cornflower":19,"minecraft:string":22,"minecraft:raw_copper":3,"minecraft:iron_leggings":1,"minecraft:iron_shovel":2,"minecraft:purple_banner":1,"minecraft:blackstone":6,"minecraft:blue_orchid":9,"minecraft:cobbled_deepslate":12,"minecraft:bucket":2,"comforts:sleeping_bag_white":2,"minecraft:white_tulip":6,"minecraft:rose_bush":1,"minecraft:calcite":1,"minecraft:iron_pickaxe":1,"minecraft:sugar_cane":1,"minecraft:cherry_trapdoor":1,"minecraft:iron_boots":2,"minecraft:stick":35,"minecraft:raw_iron":15,"apotheosis:gem":2,"minecraft:cherry_stairs":8,"minecraft:torch":75,"minecraft:spruce_stairs":2,"minecraft:porkchop":1,"minecraft:cherry_log":817,"minecraft:cookie":54,"minecraft:pointed_dripstone":6,"tombstone:grave_dust":5,"minecraft:trident":1,"minecraft:carrot":2,"alexsmobs:crocodile_scute":2,"minecraft:stone_sword":1,"minecraft:arrow":5,"minecraft:stone_shovel":1,"minecraft:rotten_flesh":34,"minecraft:peony":12,"minecraft:pink_tulip":11,"minecraft:white_terracotta":1,"instrumentalmobs:drum":1,"minecraft:cobblestone":230,"minecraft:oxeye_daisy":3,"minecraft:birch_log":11,"minecraft:pink_petals":687,"minecraft:magma_block":7,"minecraft:cherry_planks":153,"minecraft:magenta_banner":2,"minecraft:glow_ink_sac":7,"minecraft:water_bucket":1,"minecraft:salmon":1,"minecraft:brown_wool":3,"minecraft:leather":3,"minecraft:jungle_wood":1,"minecraft:tuff":3,"minecraft:oak_log":2,"minecraft:yellow_bed":1,"minecraft:gunpowder":3,"minecraft:lantern":9,"minecraft:cherry_door":3,"minecraft:lapis_lazuli":34,"minecraft:dirt":813,"minecraft:bow":1,"minecraft:wheat_seeds":404,"minecraft:pink_banner":1,"minecraft:raw_gold":4,"minecraft:bell":1,"minecraft:iron_ingot":1,"minecraft:stone_pickaxe":1,"artifacts:kitty_slippers":1,"minecraft:cherry_sign":1,"minecraft:glowstone_dust":1,"minecraft:bamboo":123,"minecraft:powered_rail":14,"minecraft:iron_sword":1,"minecraft:scaffolding":97,"minecraft:smooth_basalt":5,"minecraft:milk_bucket":1,"minecraft:cooked_porkchop":11,"minecraft:sweet_berries":14,"minecraft:gravel":11,"alexsmobs:crocodile_egg":1,"minecraft:sand":53,"minecraft:stripped_spruce_log":1,"minecraft:spruce_sapling":4,"minecraft:spruce_log":14,"minecraft:spider_eye":2,"minecraft:mossy_cobblestone":56,"quark:cobblestone_bricks":14,"minecraft:bundle":1,"minecraft:iron_helmet":1,"minecraft:painting":9,"minecraft:cherry_sapling":53,"instrumentalmobs:french_horn":1,"minecraft:emerald":4,"minecraft:chainmail_helmet":1,"alexsmobs:maggot":4,"minecraft:baked_potato":29,"minecraft:coal":83}},"DataVersion":3465}