{"stats":{"minecraft:dropped":{"apotheosis:gem_dust":1,"minecraft:iron_sword":2,"minecraft:brown_mushroom":18,"minecraft:cooked_beef":1,"minecraft:ender_pearl":3,"minecraft:glass_bottle":17,"minecraft:diamond":2,"minecraft:leather":3,"minecraft:honeycomb":9,"minecraft:item_frame":1,"minecraft:cod":2,"minecraft:emerald":48,"minecraft:cobblestone_stairs":1,"minecraft:dirt":7,"minecraft:stone_button":1,"minecraft:gold_nugget":4,"minecraft:phantom_membrane":1,"minecraft:sugar":2,"minecraft:iron_pickaxe":1,"minecraft:armor_stand":1,"minecraft:gold_ingot":2,"minecraft:bone":9,"minecraft:stone_axe":1,"minecraft:blackstone":1,"trials:tuff_bricks":8,"artifacts:power_glove":1,"alexscaves:waste_drum":1,"minecraft:cobbled_deepslate":1,"minecraft:birch_sapling":3,"dungeonnowloading:wooden_wall_rack":1,"minecraft:wheat":3,"minecraft:pointed_dripstone":14,"minecraft:cherry_sapling":24,"minecraft:rotten_flesh":35,"artifacts:villager_hat":1,"minecraft:oak_planks":1,"minecraft:glowstone_dust":3,"minecraft:light_gray_carpet":1,"minecraft:azure_bluet":1,"patchouli:guide_book":1,"minecraft:chainmail_chestplate":2,"alexsmobs:blood_sac":1,"minecraft:tipped_arrow":9,"minecraft:gunpowder":6,"apotheosis:gem_fused_slate":1,"apotheosis:gem":13,"minecraft:leather_boots":1,"tombstone:scroll_of_knowledge":1,"minecraft:arrow":71,"minecraft:glass":33,"minecraft:stone_brick_stairs":3,"minecraft:cherry_fence":1,"minecraft:iron_ingot":10,"minecraft:water_bucket":1,"minecraft:enchanted_book":1,"minecraft:bread":91,"minecraft:wheat_seeds":2,"minecraft:clock":4,"minecraft:diamond_leggings":1,"minecraft:iron_helmet":5,"minecraft:oak_fence":4,"minecraft:golden_axe":1,"minecraft:cobblestone":2,"minecraft:book":22,"artifacts:whoopee_cushion":1,"minecraft:coal":16,"minecraft:coal_block":3,"minecraft:stick":34,"quark:clear_shard":4,"minecraft:milk_bucket":1,"minecraft:golden_carrot":8,"minecraft:torch":41,"alexscaves:cinder_block":1,"minecraft:zombie_head":1,"tombstone:grave_dust":63,"minecraft:potion":1,"minecraft:iron_leggings":1,"alexscaves:toxic_paste":1,"minecraft:iron_axe":2,"minecraft:mud":4,"minecraft:cactus":3,"minecraft:orange_bed":1,"minecraft:smooth_stone":2,"minecraft:chainmail_leggings":1,"minecraft:iron_shovel":4,"alexscaves:radrock_bricks":1,"minecraft:string":62,"minecraft:pink_petals":50,"minecraft:redstone":16,"minecraft:pink_tulip":1,"minecraft:moss_carpet":2,"minecraft:kelp":8,"minecraft:sweet_berries":2,"minecraft:raw_copper":12,"minecraft:tuff":7,"minecraft:iron_boots":7,"minecraft:stone_slab":5,"alexscaves:geothermal_vent":1,"minecraft:lily_of_the_valley":1,"minecraft:diamond_sword":1,"minecraft:diamond_chestplate":1,"minecraft:peony":9,"minecraft:iron_chestplate":3,"trials:polished_tuff":2,"minecraft:diamond_pickaxe":1,"minecraft:golden_leggings":2,"minecraft:spider_eye":28,"minecraft:diamond_boots":1,"minecraft:slime_ball":2,"sophisticatedbackpacks:copper_backpack":1,"minecraft:bow":3,"minecraft:stone_pickaxe":1,"alexscaves:charred_remnant":1,"exposure:aged_photograph":1,"minecraft:brick":15},"minecraft:killed":{"minecraft:cave_spider":35,"minecraft:witch":23,"minecraft:spider":67,"minecraft:wither":1,"quark:forgotten":1,"alexsmobs:alligator_snapping_turtle":1,"minecraft:skeleton":99,"minecraft:guardian":6,"alexsmobs:banana_slug":1,"minecraft:bee":1,"minecraft:silverfish":73,"trials:bogged":65,"minecraft:piglin_brute":4,"minecraft:skeleton_horse":1,"artifacts:mimic":1,"minecraft:magma_cube":12,"minecraft:piglin":23,"minecraft:pig":3,"alexscaves:gammaroach":2,"minecraft:creeper":9,"alexsmobs:crimson_mosquito":4,"minecraft:pillager":50,"minecraft:zombie":85,"minecraft:ghast":1,"minecraft:stray":48,"trials:breeze":11,"minecraft:blaze":11,"minecraft:cow":6,"dungeonnowloading:spawner_carrier":1,"minecraft:evoker":1,"instrumentalmobs:french_horn_creeper":1,"alexscaves:brainiac":1,"minecraft:vindicator":4,"minecraft:slime":203,"instrumentalmobs:xylophone_skeleton":1,"minecraft:phantom":12,"alexsmobs:soul_vulture":1,"minecraft:drowned":10,"alexsmobs:tusklin":3,"minecraft:husk":58,"alexsmobs:guster":1,"quark:foxhound":6,"instrumentalmobs:trumpet_skeleton":1,"minecraft:hoglin":3,"minecraft:squid":5,"minecraft:wither_skeleton":14,"quark:wraith":3,"minecraft:enderman":1},"minecraft:crafted":{"minecraft:grindstone":1,"minecraft:oak_planks":24,"minecraft:cherry_boat":1,"minecraft:stone":1073,"minecraft:bookshelf":9,"minecraft:glass":33,"minecraft:diamond_helmet":2,"minecraft:diamond_leggings":1,"minecraft:iron_boots":2,"minecraft:cherry_fence":3,"minecraft:emerald":101,"minecraft:crafting_table":5,"minecraft:spruce_planks":4,"minecraft:wooden_pickaxe":1,"minecraft:smithing_table":1,"minecraft:clock":2,"minecraft:iron_chestplate":1,"minecraft:shield":4,"minecraft:stick":132,"minecraft:stone_slab":6,"minecraft:iron_ingot":68,"minecraft:iron_pickaxe":4,"minecraft:cherry_planks":84,"minecraft:coal":171,"minecraft:furnace":9,"minecraft:iron_axe":1,"minecraft:stone_pickaxe":1,"minecraft:diamond_boots":3,"minecraft:dark_oak_planks":32,"minecraft:wheat":1476,"minecraft:cooked_beef":11,"minecraft:coal_block":2,"minecraft:diamond_sword":1,"minecraft:iron_sword":2,"minecraft:bucket":2,"minecraft:stone_axe":1,"minecraft:enchanted_book":31,"minecraft:bread":492,"minecraft:air":0,"minecraft:iron_shovel":2,"minecraft:iron_leggings":3,"minecraft:torch":496,"minecraft:lapis_lazuli":36,"trials:wind_charge":56,"minecraft:diamond_chestplate":1},"minecraft:picked_up":{"alexscaves:waste_drum":4,"minecraft:iron_chestplate":7,"minecraft:flower_pot":1,"minecraft:anvil":4,"minecraft:smithing_table":1,"minecraft:lead":2,"minecraft:diamond_sword":1,"alexscaves:unrefined_waste":1,"minecraft:gilded_blackstone":7,"minecraft:potion":21,"minecraft:enchanted_book":10,"minecraft:stone_brick_stairs":3,"minecraft:string":108,"minecraft:raw_copper":31,"minecraft:iron_leggings":8,"minecraft:armor_stand":10,"minecraft:experience_bottle":1,"minecraft:zombie_head":2,"alexsmobs:blood_sac":2,"minecraft:cherry_boat":2,"minecraft:diamond_leggings":2,"minecraft:gold_nugget":9,"minecraft:smooth_stone":2,"minecraft:cobbled_deepslate":75,"minecraft:spruce_planks":2,"minecraft:white_tulip":1,"minecraft:coal_block":75,"minecraft:iron_boots":9,"minecraft:furnace":2,"minecraft:tipped_arrow":51,"minecraft:golden_helmet":3,"minecraft:stick":42,"apotheosis:gem":30,"minecraft:oak_fence":4,"minecraft:torch":14,"minecraft:porkchop":20,"minecraft:golden_axe":2,"minecraft:cherry_log":37,"minecraft:pointed_dripstone":14,"tombstone:grave_dust":80,"minecraft:music_disc_pigstep":1,"instrumentalmobs:xylophone":1,"minecraft:yellow_banner":1,"minecraft:orange_bed":6,"instrumentalmobs:trumpet":2,"minecraft:cactus":8,"quark:clear_shard":4,"minecraft:rotten_flesh":84,"artifacts:villager_hat":1,"minecraft:music_disc_ward":1,"create:asurine":28,"minecraft:blaze_rod":5,"minecraft:waxed_cut_copper":3,"minecraft:cod":2,"minecraft:snowball":1,"minecraft:cobblestone":1897,"minecraft:pink_petals":84,"minecraft:magma_block":11,"farmersdelight:rice":2,"minecraft:cherry_planks":33,"minecraft:water_bucket":1,"minecraft:andesite":11,"minecraft:golden_leggings":3,"minecraft:tuff":12,"create:raw_zinc":1,"minecraft:wither_skeleton_skull":1,"trials:trial_key_ominous":13,"trials:trial_key":20,"minecraft:dirt":385,"minecraft:lantern":19,"minecraft:leather_boots":1,"apotheosis:gem_fused_slate":1,"minecraft:bone":240,"minecraft:bow":9,"minecraft:wheat_seeds":9,"alexscaves:toxic_paste":5,"minecraft:raw_gold":3,"quark:soul_bead":2,"trials:ominous_bottle":6,"minecraft:glowstone_dust":3,"minecraft:moss_block":1,"minecraft:pitcher_pod":3,"minecraft:oak_planks":17,"patchouli:guide_book":1,"alexscaves:uranium":25,"sophisticatedbackpacks:iron_backpack":2,"minecraft:ink_sac":9,"dungeonnowloading:wooden_wall_rack":1,"minecraft:dark_oak_log":5,"minecraft:mossy_cobblestone":3,"quark:gold_bars":1,"minecraft:bundle":4,"create:crimsite":10,"minecraft:sugar":5,"minecraft:diamond":75,"waystones:waystone":4,"minecraft:coarse_dirt":3,"alexsmobs:rattlesnake_rattle":1,"minecraft:crossbow":1,"minecraft:bread":1,"minecraft:golden_apple":8,"minecraft:crimson_roots":1,"minecraft:netherrack":144,"minecraft:spruce_sign":2,"minecraft:emerald":91,"alexsmobs:banana_slug_slime":1,"minecraft:light_gray_carpet":1,"minecraft:diamond_pickaxe":1,"minecraft:shelter_pottery_sherd":1,"minecraft:mud":4,"minecraft:crafting_table":10,"minecraft:azure_bluet":1,"artifacts:night_vision_goggles":1,"minecraft:brown_mushroom":18,"dungeonnowloading:cobblestone_pebble":1,"minecraft:gold_block":1,"trials:scrape_pottery_sherd":1,"minecraft:shield":1,"minecraft:brick":26,"minecraft:moss_carpet":2,"minecraft:iron_axe":2,"artifacts:power_glove":1,"minecraft:blackstone":2,"minecraft:item_frame":1,"minecraft:iron_shovel":2,"trials:bolt_template":1,"dungeonnowloading:spawner_fragment":5,"minecraft:cyan_carpet":1,"trials:breeze_rod":42,"trials:tuff_bricks":8,"minecraft:beef":10,"minecraft:spruce_slab":1,"minecraft:birch_sapling":3,"minecraft:spruce_trapdoor":2,"minecraft:phantom_membrane":3,"minecraft:egg":2,"alexscaves:radrock_bricks":1,"minecraft:raw_iron":78,"alexscaves:geothermal_vent":1,"alexscaves:radrock_slab":1,"farmersdelight:tomato_seeds":3,"minecraft:stone_button":1,"minecraft:trident":2,"minecraft:carrot":1,"minecraft:redstone":38,"minecraft:stone_pressure_plate":1,"minecraft:tnt":21,"minecraft:nether_bricks":1,"minecraft:arrow":310,"minecraft:diamond_chestplate":2,"minecraft:decorated_pot":2,"minecraft:beetroot_seeds":3,"minecraft:peony":10,"minecraft:diamond_boots":1,"minecraft:hay_block":198,"minecraft:pink_tulip":1,"minecraft:gold_ingot":1,"tombstone:essence_of_undeath":1,"sophisticatedbackpacks:copper_backpack":3,"minecraft:rail":1,"minecraft:stripped_oak_log":4,"minecraft:clock":2,"minecraft:golden_carrot":68,"minecraft:glow_ink_sac":9,"minecraft:cut_sandstone":3,"minecraft:leather":15,"minecraft:oak_log":2,"minecraft:chainmail_chestplate":2,"minecraft:waxed_copper_block":3,"minecraft:lily_pad":2,"minecraft:ancient_debris":1,"minecraft:gunpowder":7,"minecraft:cobblestone_stairs":1,"alexscaves:charred_remnant":1,"quark:forgotten_hat":1,"minecraft:orange_terracotta":1,"minecraft:stone_bricks":6,"minecraft:kelp":8,"minecraft:iron_ingot":46,"alexscaves:radrock":166,"artifacts:whoopee_cushion":1,"minecraft:stone_pickaxe":1,"tombstone:bag_of_seeds":2,"minecraft:glass_bottle":5,"apotheosis:gem_dust":2,"minecraft:soul_sand":4,"alexscaves:polymer_plate":3,"minecraft:iron_sword":3,"minecraft:book":278,"minecraft:sweet_berries":2,"minecraft:quartz":4,"minecraft:gravel":1,"minecraft:small_amethyst_bud":5,"minecraft:spruce_log":1,"trials:polished_tuff":2,"minecraft:spider_eye":39,"minecraft:slime_ball":156,"tombstone:scroll_of_knowledge":1,"minecraft:gray_banner":1,"minecraft:iron_helmet":6,"minecraft:cherry_sapling":32,"minecraft:baked_potato":4,"tombstone:magic_scroll":7,"minecraft:damaged_anvil":3,"minecraft:coal":108,"minecraft:ender_pearl":10},"minecraft:broken":{"minecraft:diamond_boots":1,"minecraft:shield":2,"minecraft:iron_pickaxe":3,"minecraft:golden_pickaxe":2},"minecraft:custom":{"minecraft:interact_with_crafting_table":62,"minecraft:open_barrel":311,"minecraft:bell_ring":3,"minecraft:leave_game":21,"minecraft:time_since_death":159804,"minecraft:damage_resisted":30,"minecraft:sprint_one_cm":3072738,"minecraft:damage_blocked_by_shield":4650,"minecraft:drop":339,"minecraft:talked_to_villager":195,"minecraft:play_time":1088360,"minecraft:deaths":4,"minecraft:jump":18385,"minecraft:interact_with_brewingstand":9,"tombstone:kill_undead_boss":1,"minecraft:walk_on_water_one_cm":132195,"minecraft:enchant_item":17,"minecraft:interact_with_furnace":227,"minecraft:traded_with_villager":151,"minecraft:interact_with_cartography_table":1,"minecraft:interact_with_loom":2,"minecraft:sleep_in_bed":7,"minecraft:waystone_activated":7,"minecraft:damage_dealt":127034,"minecraft:player_kills":1,"minecraft:crouch_one_cm":309831,"tombstone:undead_killed":401,"minecraft:interact_with_smoker":8,"minecraft:interact_with_smithing_table":22,"minecraft:inspect_dispenser":7,"minecraft:horse_one_cm":49873,"minecraft:interact_with_anvil":54,"minecraft:mob_kills":992,"minecraft:damage_dealt_resisted":591,"minecraft:climb_one_cm":24028,"minecraft:walk_one_cm":2054313,"minecraft:damage_dealt_absorbed":243,"minecraft:sneak_time":107621,"minecraft:walk_under_water_one_cm":124140,"minecraft:boat_one_cm":218246,"minecraft:interact_with_blast_furnace":23,"minecraft:total_world_time":1088360,"tombstone:raider_killed":90,"minecraft:interact_with_grindstone":14,"minecraft:time_since_rest":159431,"minecraft:damage_taken":30366,"minecraft:damage_absorbed":326,"minecraft:trigger_trapped_chest":24,"minecraft:swim_one_cm":441961,"minecraft:fly_one_cm":4207081,"minecraft:open_chest":421,"minecraft:fall_one_cm":539084},"minecraft:mined":{"dungeonnowloading:iron_ingot_pile":1,"minecraft:spruce_planks":7,"minecraft:stone_pressure_plate":1,"alexscaves:geothermal_vent_medium":1,"minecraft:cherry_log":40,"minecraft:cobblestone_stairs":1,"minecraft:spruce_trapdoor":2,"minecraft:cave_vines_plant":1,"minecraft:potted_dead_bush":3,"alexscaves:geothermal_vent":1,"minecraft:grass_block":150,"minecraft:coal_block":75,"minecraft:frosted_ice":1,"minecraft:gilded_blackstone":7,"minecraft:magma_block":11,"minecraft:iron_ore":68,"minecraft:fire":21,"minecraft:cobbled_deepslate":73,"minecraft:moss_carpet":2,"minecraft:anvil":4,"create:asurine":27,"minecraft:pointed_dripstone":3,"alexscaves:underweed":2,"minecraft:spruce_slab":2,"minecraft:tripwire":1,"minecraft:orange_bed":5,"minecraft:waxed_cut_copper":3,"minecraft:cut_sandstone":4,"minecraft:blackstone":12,"minecraft:kelp_plant":3,"minecraft:soul_fire":1,"minecraft:orange_terracotta":1,"quark:gold_bars":1,"minecraft:torch":6,"minecraft:calcite":3,"minecraft:dead_bush":2,"minecraft:spruce_wall_sign":2,"minecraft:nether_quartz_ore":132,"minecraft:glass":1,"minecraft:cobblestone":165,"minecraft:slime_block":1,"minecraft:damaged_anvil":3,"minecraft:oak_planks":6,"minecraft:wall_torch":2,"minecraft:pink_petals":33,"minecraft:seagrass":4,"minecraft:mud":7,"minecraft:waxed_copper_block":5,"minecraft:tnt":26,"minecraft:stone_brick_stairs":1,"minecraft:grass":23,"minecraft:oak_log":2,"minecraft:dirt":293,"alexscaves:unrefined_waste":1,"minecraft:ancient_debris":1,"minecraft:nether_gold_ore":12,"minecraft:netherrack":1809,"create:crimsite":10,"minecraft:oak_leaves":8,"minecraft:deepslate":16,"create:zinc_ore":1,"minecraft:diamond_ore":7,"minecraft:tuff":13,"minecraft:yellow_wall_banner":1,"minecraft:dark_oak_leaves":1,"minecraft:mossy_cobblestone":3,"minecraft:deepslate_diamond_ore":42,"alexscaves:radrock":155,"trials:tuff_bricks":7,"minecraft:dark_oak_log":5,"minecraft:crimson_roots":2,"minecraft:nether_bricks":2,"minecraft:decorated_pot":14,"minecraft:moss_block":18,"minecraft:large_fern":6,"minecraft:hay_block":202,"alexscaves:radrock_uranium_ore":25,"minecraft:furnace":2,"minecraft:gray_wall_banner":1,"minecraft:andesite":2,"minecraft:gold_block":1,"alexscaves:radrock_slab":1,"minecraft:peony":1,"minecraft:bell":1,"minecraft:bookshelf":90,"minecraft:deepslate_iron_ore":3,"minecraft:vine":7,"minecraft:stripped_oak_log":4,"minecraft:white_tulip":1,"minecraft:stone":1628,"minecraft:smithing_table":1,"minecraft:light_gray_carpet":1,"minecraft:cherry_planks":17,"minecraft:soul_sand":4,"minecraft:oak_fence":5,"minecraft:crafting_table":9,"alexscaves:radrock_bricks":1,"minecraft:emerald_ore":3,"minecraft:copper_ore":6,"minecraft:tall_grass":6,"minecraft:coarse_dirt":2,"minecraft:ice":7,"alexscaves:waste_drum":2,"trials:polished_tuff":2,"minecraft:coal_ore":74,"minecraft:zombie_head":1,"alexscaves:geothermal_vent_thin":2,"minecraft:gravel":1,"minecraft:cherry_leaves":11,"minecraft:cobweb":77,"minecraft:stone_bricks":6,"minecraft:small_dripleaf":1,"minecraft:gold_ore":2,"minecraft:fern":3,"dungeonnowloading:spikes":4},"minecraft:used":{"minecraft:iron_shovel":375,"minecraft:decorated_pot":2,"minecraft:shield":79,"minecraft:stone":1060,"minecraft:iron_sword":425,"minecraft:soul_sand":4,"minecraft:tuff":5,"minecraft:lantern":5,"minecraft:stone_bricks":6,"minecraft:bow":422,"minecraft:hay_block":7,"minecraft:furnace":11,"minecraft:egg":1,"minecraft:damaged_anvil":3,"minecraft:wither_skeleton_skull":1,"minecraft:stone_pickaxe":52,"minecraft:oak_planks":17,"minecraft:wooden_pickaxe":3,"minecraft:golden_apple":7,"alexscaves:cave_book":1,"waystones:waystone":4,"minecraft:firework_rocket":1,"minecraft:bread":526,"minecraft:diamond_ore":1,"quark:soul_bead":1,"minecraft:golden_helmet":1,"minecraft:diamond_sword":1523,"minecraft:grindstone":1,"minecraft:smithing_table":2,"minecraft:golden_pickaxe":84,"minecraft:cherry_boat":3,"minecraft:experience_bottle":36,"minecraft:trident":111,"minecraft:flint_and_steel":34,"minecraft:armor_stand":6,"minecraft:spruce_planks":2,"minecraft:netherrack":17,"minecraft:orange_bed":4,"minecraft:torch":487,"minecraft:dirt":790,"minecraft:spyglass":66,"minecraft:anvil":2,"minecraft:chainmail_chestplate":1,"minecraft:bookshelf":9,"minecraft:iron_axe":116,"minecraft:barrel":3,"minecraft:diamond_chestplate":1,"minecraft:golden_carrot":60,"minecraft:goat_horn":3,"tombstone:gift":6,"minecraft:cooked_beef":10,"minecraft:cobbled_deepslate":125,"minecraft:cherry_fence":2,"minecraft:water_bucket":41,"tombstone:scroll_of_knowledge":1,"minecraft:baked_potato":5,"minecraft:cherry_planks":42,"minecraft:cut_sandstone":3,"minecraft:waxed_copper_block":3,"minecraft:mossy_cobblestone":3,"minecraft:tnt":24,"minecraft:crafting_table":13,"farmersdelight:smoked_ham":1,"tombstone:bag_of_seeds":2,"minecraft:diamond_pickaxe":2982,"minecraft:apple":1,"alexscaves:slam":1,"minecraft:iron_pickaxe":1400,"tombstone:magic_scroll":1,"minecraft:golden_leggings":1,"minecraft:stone_axe":93,"minecraft:potion":17,"minecraft:cobblestone":507,"minecraft:bucket":44,"alexscaves:radrock":47,"alexsmobs:animal_dictionary":1}},"DataVersion":3465}