{"stats":{"minecraft:dropped":{"minecraft:water_bucket":2,"minecraft:wheat_seeds":22,"minecraft:baked_potato":1,"minecraft:cobblestone":1,"minecraft:pink_petals":2,"minecraft:spruce_sapling":3,"minecraft:azure_bluet":8,"minecraft:gunpowder":1},"minecraft:killed":{"minecraft:spider":3,"minecraft:phantom":4,"minecraft:skeleton":4,"minecraft:pig":1,"instrumentalmobs:trumpet_skeleton":1,"minecraft:creeper":3,"minecraft:sheep":3,"minecraft:zombie":13,"alexsmobs:terrapin":1,"instrumentalmobs:drum_zombie":1},"minecraft:crafted":{"minecraft:cherry_planks":988,"minecraft:stone_shovel":3,"quark:birch_chest":1,"minecraft:iron_nugget":45,"minecraft:cherry_slab":24,"minecraft:furnace":1,"minecraft:bone_meal":12,"quark:cherry_chest":1,"minecraft:glass":25,"minecraft:lantern":5,"minecraft:iron_axe":1,"minecraft:spruce_slab":42,"minecraft:cherry_stairs":136,"minecraft:cherry_fence":15,"minecraft:crafting_table":1,"minecraft:spruce_planks":80,"minecraft:iron_sword":1,"quark:spruce_ladder":8,"minecraft:bucket":1,"minecraft:birch_planks":28,"minecraft:stone_axe":1,"minecraft:air":0,"quark:vertical_spruce_planks":3,"minecraft:shield":1,"minecraft:stick":48,"minecraft:iron_ingot":15,"minecraft:wooden_axe":2,"minecraft:cherry_door":3,"minecraft:stone_sword":1,"minecraft:iron_shovel":2,"minecraft:white_bed":1,"minecraft:torch":48},"minecraft:picked_up":{"minecraft:crafting_table":1,"minecraft:wheat":1,"alexsmobs:maraca":1,"minecraft:azure_bluet":15,"quark:spruce_ladder":1,"minecraft:cornflower":50,"minecraft:string":2,"minecraft:raw_copper":10,"minecraft:spruce_slab":2,"minecraft:phantom_membrane":3,"minecraft:tipped_arrow":4,"minecraft:stick":31,"minecraft:raw_iron":23,"apotheosis:gem":1,"minecraft:cherry_stairs":9,"minecraft:torch":14,"minecraft:porkchop":6,"minecraft:cherry_log":280,"quark:birch_chest":1,"tombstone:grave_dust":8,"minecraft:carrot":1,"minecraft:golden_chestplate":1,"minecraft:arrow":4,"minecraft:rotten_flesh":20,"minecraft:mutton":4,"instrumentalmobs:drum":1,"minecraft:white_wool":4,"minecraft:cobblestone":563,"minecraft:oxeye_daisy":22,"minecraft:birch_log":7,"minecraft:pink_petals":3,"minecraft:cherry_planks":24,"minecraft:water_bucket":1,"minecraft:potato":1,"minecraft:birch_planks":12,"minecraft:gunpowder":2,"minecraft:dirt":976,"tombstone:gift":1,"minecraft:bone":3,"minecraft:wheat_seeds":46,"patchouli:guide_book":1,"create:cut_deepslate_bricks":27,"minecraft:sand":25,"minecraft:stripped_spruce_log":2,"minecraft:spruce_sapling":14,"minecraft:white_bed":2,"minecraft:spruce_log":160,"alexsmobs:animal_dictionary":1,"minecraft:bundle":1,"minecraft:iron_helmet":1,"minecraft:bone_meal":1,"minecraft:cherry_sapling":52,"minecraft:emerald":2,"minecraft:bread":4,"minecraft:baked_potato":68,"alexsmobs:maggot":2,"minecraft:cherry_slab":3,"minecraft:coal":90},"minecraft:broken":{"minecraft:iron_shovel":1,"minecraft:stone_axe":1,"minecraft:iron_pickaxe":2,"minecraft:wooden_axe":2,"minecraft:stone_shovel":3},"minecraft:custom":{"minecraft:mob_kills":37,"minecraft:interact_with_anvil":1,"minecraft:interact_with_crafting_table":65,"minecraft:open_barrel":5,"minecraft:damage_dealt_resisted":14,"minecraft:leave_game":12,"minecraft:time_since_death":238004,"minecraft:climb_one_cm":13058,"minecraft:damage_resisted":0,"minecraft:sprint_one_cm":411949,"minecraft:walk_one_cm":725133,"minecraft:damage_blocked_by_shield":375,"minecraft:drop":12,"minecraft:play_time":238004,"minecraft:sneak_time":14495,"minecraft:walk_under_water_one_cm":14589,"minecraft:jump":3378,"minecraft:interact_with_blast_furnace":1,"minecraft:walk_on_water_one_cm":7356,"minecraft:total_world_time":238004,"minecraft:interact_with_furnace":23,"tombstone:raider_killed":4,"minecraft:sleep_in_bed":3,"minecraft:time_since_rest":37741,"minecraft:waystone_activated":4,"minecraft:damage_taken":2598,"minecraft:damage_dealt":6222,"minecraft:swim_one_cm":10201,"minecraft:fly_one_cm":776541,"minecraft:open_chest":99,"minecraft:crouch_one_cm":51562,"tombstone:undead_killed":23,"minecraft:interact_with_smoker":1,"minecraft:fall_one_cm":100899},"minecraft:mined":{"minecraft:white_bed":2,"minecraft:cherry_log":179,"minecraft:cherry_sapling":1,"minecraft:grass_block":452,"minecraft:spruce_leaves":78,"minecraft:oxeye_daisy":10,"minecraft:large_fern":1,"minecraft:spruce_sapling":5,"minecraft:iron_ore":16,"minecraft:stripped_spruce_log":2,"minecraft:azure_bluet":8,"minecraft:vine":1,"minecraft:stone":496,"minecraft:cherry_stairs":9,"minecraft:spruce_slab":2,"minecraft:cherry_planks":24,"minecraft:crafting_table":1,"minecraft:cornflower":22,"minecraft:torch":7,"minecraft:emerald_ore":2,"minecraft:tall_grass":14,"minecraft:copper_ore":4,"minecraft:cobblestone":73,"minecraft:wall_torch":3,"minecraft:cherry_slab":3,"minecraft:birch_log":7,"quark:spruce_ladder":1,"minecraft:spruce_log":162,"minecraft:birch_leaves":6,"minecraft:grass":135,"quark:birch_chest":1,"minecraft:coal_ore":89,"minecraft:cherry_leaves":22,"minecraft:sand":26,"minecraft:dirt":460},"minecraft:used":{"minecraft:cherry_sapling":17,"quark:birch_chest":2,"minecraft:stone_sword":140,"minecraft:iron_shovel":491,"minecraft:spruce_slab":44,"minecraft:stone_shovel":415,"minecraft:shield":5,"minecraft:iron_sword":48,"minecraft:torch":56,"minecraft:dirt":454,"quark:cherry_chest":1,"alexsmobs:maraca":27,"minecraft:carrot":29,"minecraft:glass":20,"minecraft:wooden_axe":118,"minecraft:lantern":5,"minecraft:iron_axe":256,"minecraft:cherry_slab":24,"minecraft:bow":3,"minecraft:furnace":1,"minecraft:cherry_fence":12,"minecraft:water_bucket":13,"minecraft:baked_potato":46,"minecraft:cherry_planks":625,"minecraft:crafting_table":2,"minecraft:white_bed":3,"minecraft:spruce_log":129,"minecraft:cherry_door":2,"minecraft:bread":4,"minecraft:iron_pickaxe":694,"minecraft:spruce_sapling":11,"minecraft:stone_axe":132,"minecraft:cobblestone":138,"minecraft:cherry_stairs":137,"quark:spruce_ladder":9,"minecraft:bucket":14,"minecraft:bone_meal":5}},"DataVersion":3465}