{"stats":{"minecraft:broken":{"minecraft:iron_shovel":1,"minecraft:stone_axe":1,"minecraft:iron_pickaxe":2,"minecraft:wooden_axe":2,"minecraft:stone_shovel":3},"minecraft:killed":{"minecraft:spider":2,"minecraft:phantom":4,"minecraft:skeleton":4,"minecraft:pig":1,"instrumentalmobs:trumpet_skeleton":1,"minecraft:creeper":2,"minecraft:sheep":3,"minecraft:zombie":9,"alexsmobs:terrapin":1,"instrumentalmobs:drum_zombie":1},"minecraft:custom":{"minecraft:mob_kills":30,"minecraft:interact_with_anvil":1,"minecraft:interact_with_crafting_table":56,"minecraft:open_barrel":5,"minecraft:damage_dealt_resisted":14,"minecraft:leave_game":9,"minecraft:time_since_death":195257,"minecraft:climb_one_cm":6780,"minecraft:damage_resisted":0,"minecraft:sprint_one_cm":330593,"minecraft:walk_one_cm":601394,"minecraft:damage_blocked_by_shield":375,"minecraft:drop":12,"minecraft:play_time":195257,"minecraft:sneak_time":13333,"minecraft:walk_under_water_one_cm":10716,"minecraft:jump":2895,"minecraft:interact_with_blast_furnace":1,"minecraft:walk_on_water_one_cm":6989,"minecraft:total_world_time":195257,"minecraft:interact_with_furnace":22,"tombstone:raider_killed":4,"minecraft:sleep_in_bed":1,"minecraft:time_since_rest":64710,"minecraft:waystone_activated":3,"minecraft:damage_taken":2279,"minecraft:damage_dealt":4960,"minecraft:swim_one_cm":10147,"minecraft:fly_one_cm":681423,"minecraft:open_chest":88,"minecraft:crouch_one_cm":48991,"tombstone:undead_killed":19,"minecraft:interact_with_smoker":1,"minecraft:fall_one_cm":90111},"minecraft:picked_up":{"minecraft:crafting_table":1,"minecraft:wheat":1,"alexsmobs:maraca":1,"minecraft:azure_bluet":15,"minecraft:cornflower":50,"minecraft:string":1,"minecraft:raw_copper":6,"minecraft:spruce_slab":2,"minecraft:phantom_membrane":3,"minecraft:tipped_arrow":4,"minecraft:stick":10,"minecraft:raw_iron":23,"apotheosis:gem":1,"minecraft:cherry_stairs":9,"minecraft:torch":6,"minecraft:porkchop":6,"minecraft:cherry_log":152,"quark:birch_chest":1,"tombstone:grave_dust":8,"minecraft:carrot":1,"minecraft:golden_chestplate":1,"minecraft:arrow":4,"minecraft:rotten_flesh":15,"minecraft:mutton":4,"instrumentalmobs:drum":1,"minecraft:white_wool":4,"minecraft:cobblestone":385,"minecraft:oxeye_daisy":22,"minecraft:birch_log":7,"minecraft:pink_petals":3,"minecraft:cherry_planks":17,"minecraft:water_bucket":1,"minecraft:potato":1,"minecraft:birch_planks":12,"minecraft:gunpowder":2,"minecraft:dirt":836,"tombstone:gift":1,"minecraft:bone":3,"minecraft:wheat_seeds":45,"patchouli:guide_book":1,"minecraft:sand":25,"minecraft:spruce_sapling":14,"minecraft:white_bed":2,"minecraft:spruce_log":150,"alexsmobs:animal_dictionary":1,"minecraft:bundle":1,"minecraft:bone_meal":1,"minecraft:cherry_sapling":23,"minecraft:emerald":1,"minecraft:bread":4,"minecraft:baked_potato":68,"minecraft:cherry_slab":3,"minecraft:coal":90},"minecraft:mined":{"minecraft:white_bed":2,"minecraft:cherry_log":111,"minecraft:cherry_sapling":1,"minecraft:grass_block":422,"minecraft:spruce_leaves":78,"minecraft:oxeye_daisy":10,"minecraft:large_fern":1,"minecraft:spruce_sapling":5,"minecraft:iron_ore":16,"minecraft:azure_bluet":7,"minecraft:vine":1,"minecraft:stone":371,"minecraft:cherry_stairs":9,"minecraft:spruce_slab":2,"minecraft:cherry_planks":17,"minecraft:crafting_table":1,"minecraft:cornflower":22,"minecraft:torch":4,"minecraft:emerald_ore":1,"minecraft:tall_grass":14,"minecraft:copper_ore":2,"minecraft:cobblestone":16,"minecraft:wall_torch":1,"minecraft:cherry_slab":3,"minecraft:birch_log":7,"minecraft:spruce_log":151,"minecraft:birch_leaves":6,"minecraft:grass":132,"quark:birch_chest":1,"minecraft:coal_ore":89,"minecraft:cherry_leaves":18,"minecraft:sand":26,"minecraft:dirt":350},"minecraft:dropped":{"minecraft:water_bucket":2,"minecraft:wheat_seeds":22,"minecraft:baked_potato":1,"minecraft:cobblestone":1,"minecraft:pink_petals":2,"minecraft:spruce_sapling":3,"minecraft:azure_bluet":8,"minecraft:gunpowder":1},"minecraft:used":{"minecraft:cherry_sapling":17,"quark:birch_chest":2,"minecraft:stone_sword":140,"minecraft:iron_shovel":359,"minecraft:stone_shovel":415,"minecraft:spruce_slab":44,"minecraft:shield":5,"minecraft:iron_sword":19,"minecraft:torch":38,"minecraft:dirt":428,"alexsmobs:maraca":26,"minecraft:carrot":27,"minecraft:glass":20,"minecraft:wooden_axe":118,"minecraft:lantern":5,"minecraft:iron_axe":163,"minecraft:cherry_slab":24,"minecraft:bow":3,"minecraft:furnace":1,"minecraft:cherry_fence":12,"minecraft:water_bucket":13,"minecraft:baked_potato":38,"minecraft:cherry_planks":323,"minecraft:crafting_table":2,"minecraft:white_bed":3,"minecraft:spruce_log":129,"minecraft:cherry_door":2,"minecraft:bread":4,"minecraft:iron_pickaxe":500,"minecraft:spruce_sapling":11,"minecraft:stone_axe":132,"minecraft:cobblestone":94,"minecraft:cherry_stairs":137,"quark:spruce_ladder":4,"minecraft:bucket":14,"minecraft:bone_meal":5},"minecraft:crafted":{"minecraft:cherry_planks":596,"minecraft:stone_shovel":3,"quark:birch_chest":1,"minecraft:iron_nugget":45,"minecraft:cherry_slab":24,"minecraft:furnace":1,"minecraft:bone_meal":12,"minecraft:glass":25,"minecraft:lantern":5,"minecraft:iron_axe":1,"minecraft:spruce_slab":42,"minecraft:cherry_stairs":136,"minecraft:cherry_fence":15,"minecraft:crafting_table":1,"minecraft:spruce_planks":40,"minecraft:iron_sword":1,"quark:spruce_ladder":4,"minecraft:bucket":1,"minecraft:birch_planks":28,"minecraft:stone_axe":1,"minecraft:air":0,"minecraft:shield":1,"minecraft:stick":40,"minecraft:iron_ingot":15,"minecraft:wooden_axe":2,"minecraft:cherry_door":3,"minecraft:stone_sword":1,"minecraft:iron_shovel":2,"minecraft:white_bed":1,"minecraft:torch":48}},"DataVersion":3465}