{"stats":{"minecraft:broken":{"minecraft:iron_shovel":1,"minecraft:shears":1,"minecraft:iron_boots":1,"minecraft:leather_boots":1,"minecraft:stone_axe":1,"minecraft:iron_pickaxe":1,"minecraft:iron_helmet":1},"minecraft:killed":{"minecraft:spider":3,"minecraft:skeleton":1,"minecraft:zombie":7},"minecraft:custom":{"minecraft:interact_with_anvil":1,"minecraft:mob_kills":11,"minecraft:interact_with_crafting_table":45,"minecraft:damage_dealt_resisted":0,"minecraft:leave_game":8,"minecraft:time_since_death":557203,"minecraft:climb_one_cm":16499,"minecraft:damage_resisted":0,"minecraft:sprint_one_cm":835039,"minecraft:walk_one_cm":2409293,"minecraft:drop":124,"minecraft:damage_dealt_absorbed":24,"minecraft:play_time":557203,"minecraft:sneak_time":491,"minecraft:walk_under_water_one_cm":19868,"minecraft:interact_with_brewingstand":1,"minecraft:jump":4060,"minecraft:interact_with_blast_furnace":1,"minecraft:walk_on_water_one_cm":50757,"minecraft:total_world_time":557203,"minecraft:interact_with_furnace":31,"minecraft:sleep_in_bed":28,"minecraft:time_since_rest":28194,"minecraft:waystone_activated":2,"minecraft:damage_taken":4041,"minecraft:damage_dealt":2560,"minecraft:swim_one_cm":12441,"minecraft:fly_one_cm":246949,"minecraft:open_chest":115,"minecraft:crouch_one_cm":2275,"tombstone:undead_killed":8,"minecraft:interact_with_smoker":4,"minecraft:fall_one_cm":66181,"minecraft:horse_one_cm":68276},"minecraft:picked_up":{"minecraft:wooden_axe":1,"minecraft:spruce_leaves":62,"minecraft:coarse_dirt":1,"minecraft:wheat":8,"alexsmobs:maraca":1,"minecraft:azure_bluet":2,"minecraft:splash_potion":1,"minecraft:clay_ball":4,"minecraft:flower_pot":2,"minecraft:suspicious_stew":10,"minecraft:lead":19,"minecraft:stone_slab":2,"minecraft:enchanted_book":1,"minecraft:stripped_cherry_log":21,"minecraft:string":7,"minecraft:cherry_pressure_plate":1,"minecraft:iron_shovel":1,"minecraft:cobbled_deepslate":2,"minecraft:bucket":5,"farmersdelight:cabbage":21,"comforts:sleeping_bag_white":1,"minecraft:white_tulip":2,"minecraft:iron_pickaxe":1,"minecraft:azalea_leaves":15,"minecraft:chest":3,"minecraft:spruce_trapdoor":2,"minecraft:cherry_trapdoor":1,"minecraft:furnace":1,"minecraft:stick":23,"minecraft:raw_iron":3,"minecraft:sandstone":1,"minecraft:cherry_stairs":17,"exposure:photograph":1,"minecraft:torch":26,"minecraft:flowering_azalea_leaves":5,"minecraft:cherry_log":440,"minecraft:cookie":202,"tombstone:grave_dust":4,"minecraft:carrot":4,"quark:clear_shard":10,"minecraft:rotten_flesh":16,"minecraft:peony":17,"minecraft:shears":2,"minecraft:pink_tulip":5,"sophisticatedbackpacks:copper_backpack":1,"minecraft:white_terracotta":115,"instrumentalmobs:drum":2,"minecraft:rail":1,"minecraft:white_wool":9,"minecraft:cobblestone":283,"minecraft:stripped_oak_log":19,"minecraft:pink_petals":381,"minecraft:birch_leaves":128,"minecraft:magenta_banner":1,"minecraft:cherry_planks":245,"minecraft:cherry_leaves":85,"minecraft:water_bucket":1,"minecraft:brown_wool":6,"minecraft:fern":8,"minecraft:jungle_wood":1,"minecraft:potato":67,"artifacts:anglers_hat":2,"minecraft:oak_log":5,"minecraft:cherry_fence":4,"minecraft:yellow_bed":1,"minecraft:lantern":9,"minecraft:cherry_door":3,"minecraft:dirt":1365,"minecraft:leather_boots":1,"minecraft:bone":3,"minecraft:wheat_seeds":36,"minecraft:cherry_sign":3,"minecraft:glowstone_dust":1,"minecraft:bamboo":97,"minecraft:iron_sword":1,"minecraft:oak_planks":1,"minecraft:scaffolding":11,"minecraft:dandelion":4,"minecraft:sand":61,"minecraft:spruce_sapling":3,"minecraft:white_bed":2,"minecraft:spruce_log":3,"minecraft:chiseled_sandstone":2,"minecraft:spider_eye":1,"minecraft:mossy_cobblestone":21,"quark:cobblestone_bricks":19,"quark:cobblestone_bricks_stairs":1,"minecraft:diamond":2,"minecraft:chainmail_leggings":2,"minecraft:diamond_axe":3,"minecraft:grass":43,"minecraft:cherry_sapling":36,"alexsmobs:maggot":4,"minecraft:baked_potato":49,"minecraft:cherry_slab":4,"minecraft:black_wool":3,"minecraft:oak_leaves":51,"minecraft:coal":68,"minecraft:diamond_pickaxe":1},"minecraft:mined":{"minecraft:potted_pink_tulip":1,"minecraft:white_bed":2,"minecraft:mossy_cobblestone":26,"minecraft:cherry_log":495,"farmersdelight:wild_carrots":4,"minecraft:cherry_sapling":6,"minecraft:stripped_cherry_log":24,"minecraft:spruce_trapdoor":2,"minecraft:glow_lichen":1,"minecraft:cherry_trapdoor":1,"minecraft:grass_block":957,"minecraft:spruce_leaves":73,"minecraft:sandstone":2,"minecraft:large_fern":3,"minecraft:cherry_wall_sign":2,"minecraft:furnace":1,"minecraft:iron_ore":3,"minecraft:cobbled_deepslate":2,"minecraft:chiseled_sandstone":1,"minecraft:peony":13,"minecraft:flowering_azalea_leaves":10,"minecraft:dirt_path":17,"minecraft:vine":10,"amendments:wall_lantern":3,"minecraft:rail":1,"minecraft:lantern":6,"minecraft:stripped_oak_log":20,"minecraft:white_tulip":2,"minecraft:pink_tulip":2,"minecraft:azalea_leaves":39,"minecraft:bamboo":13,"minecraft:cherry_stairs":17,"minecraft:stone":184,"minecraft:podzol":2,"quark:cobblestone_bricks_stairs":1,"minecraft:scaffolding":7,"minecraft:glass_pane":2,"minecraft:cherry_planks":145,"minecraft:dandelion":4,"minecraft:clay":4,"quark:cobblestone_bricks":19,"minecraft:torch":7,"minecraft:chest":3,"minecraft:dead_bush":1,"minecraft:stone_slab":2,"minecraft:glass":3,"minecraft:tall_grass":38,"minecraft:cobblestone":6,"minecraft:cyan_bed":1,"minecraft:oak_planks":1,"minecraft:wall_torch":8,"minecraft:pink_petals":138,"minecraft:white_terracotta":115,"minecraft:cherry_fence":3,"minecraft:jungle_wood":2,"minecraft:spruce_log":3,"minecraft:birch_leaves":33,"minecraft:yellow_bed":1,"minecraft:grass":197,"minecraft:potted_azure_bluet":1,"minecraft:oak_log":5,"minecraft:coal_ore":68,"minecraft:cherry_leaves":144,"minecraft:sand":63,"minecraft:dirt":421,"minecraft:red_mushroom_block":1,"minecraft:cherry_sign":4,"minecraft:oak_leaves":102,"minecraft:fern":3},"minecraft:dropped":{"minecraft:water_bucket":1,"minecraft:iron_sword":1,"minecraft:birch_leaves":128,"minecraft:wheat_seeds":14,"minecraft:diamond_axe":4,"minecraft:cherry_log":229,"minecraft:cookie":288,"minecraft:cobblestone":6,"minecraft:lead":18,"minecraft:jungle_wood":1,"artifacts:anglers_hat":1,"minecraft:dirt":534,"quark:cobblestone_bricks":1,"instrumentalmobs:drum":1,"minecraft:wooden_axe":1,"minecraft:brown_wool":6,"minecraft:cherry_planks":245,"minecraft:cherry_leaves":67,"tombstone:grave_dust":4,"minecraft:iron_pickaxe":1,"minecraft:iron_shovel":1,"minecraft:chainmail_leggings":2,"minecraft:string":8,"minecraft:pink_petals":219,"minecraft:bucket":5,"minecraft:chiseled_sandstone":1,"minecraft:dandelion":1,"minecraft:bone":3,"alexsmobs:maggot":4,"minecraft:cherry_stairs":12,"minecraft:coarse_dirt":1,"minecraft:wheat":8,"farmersdelight:cabbage":21,"minecraft:cherry_sapling":20,"minecraft:rotten_flesh":14,"minecraft:fern":8,"minecraft:cherry_slab":16,"minecraft:azure_bluet":1,"minecraft:suspicious_stew":8,"minecraft:potato":34,"minecraft:diamond_pickaxe":1,"minecraft:stripped_cherry_log":11,"minecraft:bamboo":5,"minecraft:sandstone":1,"minecraft:arrow":1,"exposure:photograph":1,"minecraft:black_wool":2},"minecraft:used":{"minecraft:peony":11,"minecraft:iron_shovel":611,"minecraft:chest":3,"minecraft:spruce_planks":12,"minecraft:white_terracotta":40,"minecraft:iron_sword":122,"minecraft:torch":25,"minecraft:dirt":438,"alexsmobs:maraca":191,"minecraft:carrot":4,"minecraft:axolotl_bucket":2,"minecraft:glass":30,"minecraft:wooden_axe":201,"minecraft:lantern":5,"minecraft:cherry_slab":60,"minecraft:cherry_trapdoor":6,"minecraft:cherry_leaves":1,"minecraft:bamboo":3,"minecraft:glowstone":6,"minecraft:furnace":1,"minecraft:potato":70,"minecraft:cherry_fence":23,"minecraft:cherry_log":18,"minecraft:water_bucket":65,"minecraft:spruce_door":6,"quark:cobblestone_bricks":106,"minecraft:lead":16,"minecraft:baked_potato":74,"minecraft:oak_planks":13,"minecraft:wooden_pickaxe":33,"minecraft:cherry_planks":450,"minecraft:diamond_axe":597,"minecraft:oak_leaves":3,"minecraft:mossy_cobblestone":7,"minecraft:white_bed":2,"minecraft:shears":308,"minecraft:diamond_shovel":990,"minecraft:cherry_door":2,"minecraft:iron_pickaxe":572,"quark:cobblestone_bricks_stairs":4,"minecraft:spruce_trapdoor":7,"minecraft:spruce_sapling":3,"minecraft:stone_axe":228,"minecraft:pink_petals":33,"minecraft:cherry_stairs":98,"minecraft:diamond_sword":36,"minecraft:cobblestone":64,"minecraft:azalea_leaves":15,"minecraft:bucket":66,"minecraft:glass_pane":47,"minecraft:yellow_bed":1,"minecraft:stripped_cherry_log":1,"minecraft:dandelion":1},"minecraft:crafted":{"minecraft:cherry_planks":790,"minecraft:oak_planks":16,"minecraft:cherry_slab":60,"minecraft:glass_pane":64,"minecraft:glass":42,"minecraft:cherry_trapdoor":8,"quark:cobblestone_bricks":112,"minecraft:cherry_stairs":164,"quark:cobblestone_bricks_stairs":16,"minecraft:cherry_fence":27,"minecraft:cherry_fence_gate":1,"minecraft:diamond_sword":1,"minecraft:spruce_planks":28,"minecraft:baked_potato":166,"minecraft:spruce_door":3,"minecraft:stone_axe":1,"minecraft:air":0,"minecraft:spruce_trapdoor":6,"minecraft:stick":16,"minecraft:cherry_door":3}},"DataVersion":3465}