{"stats":{"minecraft:dropped":{"minecraft:water_bucket":1,"minecraft:iron_sword":1,"minecraft:birch_leaves":128,"minecraft:wheat_seeds":14,"minecraft:diamond_axe":4,"minecraft:cherry_log":289,"minecraft:cookie":288,"minecraft:cobblestone":6,"minecraft:lead":18,"minecraft:jungle_wood":1,"artifacts:anglers_hat":1,"minecraft:dirt":534,"quark:cobblestone_bricks":1,"instrumentalmobs:drum":1,"minecraft:wooden_axe":1,"minecraft:brown_wool":6,"minecraft:cherry_planks":245,"minecraft:cherry_leaves":67,"tombstone:grave_dust":4,"minecraft:iron_pickaxe":1,"minecraft:chainmail_leggings":2,"minecraft:iron_shovel":1,"minecraft:string":8,"minecraft:pink_petals":219,"minecraft:bucket":5,"minecraft:chiseled_sandstone":1,"minecraft:dandelion":1,"minecraft:bone":3,"alexsmobs:maggot":4,"minecraft:cherry_stairs":12,"minecraft:coarse_dirt":1,"minecraft:wheat":8,"minecraft:cherry_sapling":20,"create:cut_deepslate_bricks":27,"farmersdelight:cabbage":21,"minecraft:rotten_flesh":14,"minecraft:fern":8,"minecraft:cherry_slab":16,"minecraft:azure_bluet":1,"minecraft:suspicious_stew":8,"minecraft:diamond_sword":3,"minecraft:potato":34,"minecraft:diamond_pickaxe":1,"minecraft:stripped_cherry_log":11,"minecraft:bamboo":5,"minecraft:sandstone":1,"minecraft:arrow":1,"exposure:photograph":1,"minecraft:black_wool":2},"minecraft:killed":{"minecraft:spider":3,"minecraft:skeleton":1,"minecraft:zombie":10},"minecraft:crafted":{"minecraft:cherry_planks":882,"minecraft:oak_planks":16,"minecraft:cherry_slab":60,"quark:cherry_chest":4,"minecraft:glass_pane":64,"minecraft:glass":42,"minecraft:cherry_trapdoor":8,"quark:cobblestone_bricks":112,"minecraft:cherry_stairs":164,"quark:cobblestone_bricks_stairs":16,"minecraft:cherry_fence":27,"minecraft:cherry_fence_gate":1,"minecraft:diamond_sword":1,"minecraft:spruce_planks":28,"minecraft:baked_potato":166,"minecraft:spruce_door":3,"minecraft:stone_axe":1,"minecraft:air":0,"minecraft:spruce_trapdoor":6,"minecraft:stick":16,"minecraft:cherry_door":6},"minecraft:picked_up":{"minecraft:wooden_axe":1,"minecraft:spruce_leaves":62,"minecraft:coarse_dirt":1,"minecraft:wheat":9,"alexsmobs:maraca":1,"minecraft:azure_bluet":2,"minecraft:splash_potion":1,"minecraft:clay_ball":4,"minecraft:flower_pot":2,"minecraft:suspicious_stew":10,"minecraft:lead":19,"minecraft:stone_slab":2,"minecraft:diamond_sword":3,"farmersdelight:rice_panicle":1,"minecraft:enchanted_book":1,"minecraft:stripped_cherry_log":21,"minecraft:string":7,"minecraft:cherry_pressure_plate":1,"minecraft:iron_shovel":1,"minecraft:cobbled_deepslate":2,"minecraft:bucket":5,"farmersdelight:cabbage":21,"comforts:sleeping_bag_white":1,"minecraft:white_tulip":2,"minecraft:iron_pickaxe":1,"minecraft:azalea_leaves":15,"minecraft:chest":3,"minecraft:spruce_trapdoor":2,"minecraft:cherry_trapdoor":1,"minecraft:furnace":1,"minecraft:stick":23,"minecraft:raw_iron":3,"minecraft:sandstone":1,"minecraft:cherry_stairs":17,"quark:cherry_chest":1,"exposure:photograph":1,"minecraft:torch":26,"minecraft:flowering_azalea_leaves":5,"farmersdelight:tomato_seeds":5,"minecraft:cherry_log":568,"minecraft:cookie":202,"tombstone:grave_dust":4,"minecraft:carrot":9,"quark:clear_shard":10,"minecraft:rotten_flesh":19,"farmersdelight:onion":8,"minecraft:peony":17,"minecraft:shears":2,"minecraft:pink_tulip":5,"sophisticatedbackpacks:copper_backpack":1,"minecraft:white_terracotta":115,"instrumentalmobs:drum":2,"minecraft:rail":1,"minecraft:white_wool":9,"minecraft:cobblestone":307,"minecraft:stripped_oak_log":19,"minecraft:pink_petals":381,"minecraft:birch_leaves":128,"minecraft:magenta_banner":1,"minecraft:cherry_planks":246,"minecraft:cherry_leaves":85,"minecraft:water_bucket":1,"minecraft:brown_wool":6,"minecraft:fern":8,"minecraft:jungle_wood":1,"minecraft:potato":72,"artifacts:anglers_hat":2,"minecraft:oak_log":5,"minecraft:cherry_fence":4,"minecraft:yellow_bed":1,"farmersdelight:tomato":4,"minecraft:cherry_door":3,"minecraft:dirt":1376,"minecraft:lantern":9,"minecraft:leather_boots":1,"minecraft:bone":3,"minecraft:wheat_seeds":39,"minecraft:cherry_sign":3,"minecraft:glowstone_dust":1,"minecraft:bamboo":97,"minecraft:iron_sword":1,"minecraft:oak_planks":1,"minecraft:scaffolding":11,"minecraft:dandelion":4,"create:cut_deepslate_bricks":191,"minecraft:sand":61,"minecraft:spruce_sapling":3,"minecraft:white_bed":2,"minecraft:spruce_log":3,"minecraft:chiseled_sandstone":2,"minecraft:spider_eye":1,"minecraft:mossy_cobblestone":21,"quark:cobblestone_bricks":19,"minecraft:bundle":1,"quark:cobblestone_bricks_stairs":1,"minecraft:diamond":2,"minecraft:chainmail_leggings":2,"minecraft:diamond_axe":3,"minecraft:grass":43,"minecraft:cherry_sapling":36,"alexsmobs:maggot":4,"minecraft:baked_potato":49,"minecraft:cherry_slab":4,"minecraft:black_wool":3,"minecraft:coal":68,"minecraft:oak_leaves":51,"minecraft:diamond_pickaxe":1},"minecraft:broken":{"minecraft:iron_shovel":1,"minecraft:shears":1,"minecraft:iron_boots":1,"minecraft:leather_boots":1,"minecraft:stone_axe":1,"minecraft:iron_pickaxe":1,"minecraft:iron_helmet":1},"minecraft:custom":{"minecraft:interact_with_anvil":1,"minecraft:mob_kills":14,"minecraft:interact_with_crafting_table":50,"minecraft:damage_dealt_resisted":0,"minecraft:leave_game":15,"minecraft:time_since_death":651763,"minecraft:climb_one_cm":25256,"minecraft:damage_resisted":0,"minecraft:sprint_one_cm":906089,"minecraft:walk_one_cm":2710369,"minecraft:drop":214,"minecraft:damage_dealt_absorbed":24,"minecraft:play_time":651763,"minecraft:sneak_time":491,"minecraft:walk_under_water_one_cm":21131,"minecraft:interact_with_brewingstand":1,"minecraft:jump":4590,"minecraft:interact_with_blast_furnace":1,"minecraft:walk_on_water_one_cm":55752,"minecraft:total_world_time":651763,"minecraft:interact_with_furnace":33,"minecraft:sleep_in_bed":30,"minecraft:waystone_activated":3,"minecraft:time_since_rest":20102,"minecraft:damage_taken":4192,"minecraft:damage_dealt":3200,"minecraft:swim_one_cm":15583,"minecraft:fly_one_cm":272966,"minecraft:crouch_one_cm":2275,"minecraft:open_chest":131,"tombstone:undead_killed":11,"minecraft:interact_with_smoker":4,"minecraft:fall_one_cm":74924,"minecraft:horse_one_cm":68276},"minecraft:mined":{"minecraft:potted_pink_tulip":1,"minecraft:white_bed":2,"minecraft:mossy_cobblestone":26,"minecraft:cherry_log":496,"farmersdelight:wild_carrots":4,"minecraft:cherry_sapling":6,"minecraft:stripped_cherry_log":24,"minecraft:spruce_trapdoor":2,"minecraft:glow_lichen":1,"minecraft:cherry_trapdoor":1,"minecraft:grass_block":958,"farmersdelight:tomatoes":5,"minecraft:spruce_leaves":73,"minecraft:sandstone":2,"minecraft:cherry_wall_sign":2,"minecraft:large_fern":3,"minecraft:carrots":5,"minecraft:furnace":1,"minecraft:iron_ore":3,"minecraft:cobbled_deepslate":2,"minecraft:chiseled_sandstone":1,"minecraft:peony":13,"minecraft:potatoes":1,"minecraft:flowering_azalea_leaves":10,"minecraft:dirt_path":19,"minecraft:vine":10,"amendments:wall_lantern":3,"minecraft:rail":1,"minecraft:lantern":6,"farmersdelight:rice_panicles":1,"minecraft:stripped_oak_log":20,"minecraft:white_tulip":2,"minecraft:pink_tulip":3,"minecraft:azalea_leaves":39,"minecraft:bamboo":13,"minecraft:cherry_stairs":17,"minecraft:stone":204,"minecraft:podzol":2,"quark:cobblestone_bricks_stairs":1,"create:cut_deepslate_bricks":2,"minecraft:scaffolding":7,"minecraft:glass_pane":2,"minecraft:cherry_planks":146,"minecraft:dandelion":4,"minecraft:clay":4,"quark:cobblestone_bricks":19,"minecraft:torch":7,"minecraft:chest":3,"minecraft:dead_bush":1,"minecraft:stone_slab":2,"minecraft:glass":3,"minecraft:tall_grass":38,"minecraft:cobblestone":6,"minecraft:cyan_bed":1,"minecraft:oak_planks":1,"minecraft:wall_torch":8,"minecraft:pink_petals":138,"minecraft:white_terracotta":115,"minecraft:cherry_fence":3,"minecraft:jungle_wood":2,"minecraft:wheat":3,"minecraft:spruce_log":3,"minecraft:birch_leaves":33,"minecraft:yellow_bed":1,"minecraft:grass":197,"minecraft:potted_azure_bluet":1,"minecraft:oak_log":5,"minecraft:coal_ore":68,"minecraft:cherry_leaves":144,"minecraft:sand":63,"minecraft:dirt":429,"minecraft:red_mushroom_block":1,"farmersdelight:onions":4,"minecraft:cherry_sign":4,"minecraft:oak_leaves":102,"minecraft:fern":3,"quark:cherry_chest":1},"minecraft:used":{"minecraft:peony":11,"minecraft:iron_shovel":611,"minecraft:chest":3,"minecraft:spruce_planks":12,"minecraft:white_terracotta":40,"minecraft:iron_sword":122,"create:cut_deepslate_bricks":2,"minecraft:torch":25,"quark:cherry_chest":3,"minecraft:dirt":448,"alexsmobs:maraca":191,"minecraft:carrot":4,"minecraft:axolotl_bucket":2,"minecraft:glass":30,"minecraft:wooden_axe":201,"minecraft:lantern":6,"minecraft:cherry_slab":60,"minecraft:cherry_trapdoor":6,"minecraft:cherry_leaves":1,"minecraft:bamboo":3,"minecraft:tadpole_bucket":1,"minecraft:glowstone":6,"minecraft:furnace":1,"minecraft:potato":70,"minecraft:cherry_fence":23,"minecraft:cherry_log":22,"minecraft:water_bucket":65,"minecraft:spruce_door":6,"quark:cobblestone_bricks":106,"minecraft:lead":16,"minecraft:baked_potato":80,"minecraft:oak_planks":13,"minecraft:wooden_pickaxe":33,"minecraft:cherry_planks":498,"minecraft:diamond_axe":597,"minecraft:oak_leaves":3,"minecraft:mossy_cobblestone":7,"minecraft:white_bed":2,"minecraft:shears":308,"minecraft:diamond_shovel":1003,"minecraft:cherry_door":3,"minecraft:iron_pickaxe":597,"quark:cobblestone_bricks_stairs":4,"minecraft:spruce_trapdoor":7,"minecraft:spruce_sapling":3,"minecraft:stone_axe":230,"minecraft:pink_petals":33,"minecraft:cherry_stairs":98,"minecraft:diamond_sword":70,"minecraft:cobblestone":64,"minecraft:azalea_leaves":15,"minecraft:bucket":66,"minecraft:glass_pane":53,"minecraft:yellow_bed":1,"minecraft:stripped_cherry_log":1,"minecraft:dandelion":1}},"DataVersion":3465}