{"stats":{"minecraft:mined":{"minecraft:furnace":1,"minecraft:iron_ore":12,"minecraft:cherry_log":5,"minecraft:crafting_table":1,"minecraft:torch":1,"minecraft:grass_block":1,"minecraft:coal_ore":204,"minecraft:deepslate_iron_ore":3,"minecraft:dirt":1,"minecraft:cobblestone":2,"minecraft:stone":42,"minecraft:moss_block":1,"minecraft:wall_torch":1,"minecraft:deepslate":6},"minecraft:killed_by":{"minecraft:spider":1},"minecraft:dropped":{"minecraft:milk_bucket":1,"quark:sturdy_stone":1,"minecraft:rotten_flesh":2},"minecraft:custom":{"minecraft:time_since_rest":0,"minecraft:interact_with_furnace":9,"minecraft:sprint_one_cm":39133,"minecraft:damage_taken":1441,"minecraft:walk_one_cm":170010,"minecraft:mob_kills":2,"minecraft:drop":3,"minecraft:damage_dealt":850,"minecraft:swim_one_cm":4733,"minecraft:interact_with_crafting_table":18,"minecraft:fly_one_cm":11301,"minecraft:open_barrel":10,"minecraft:open_chest":3,"minecraft:crouch_one_cm":4062,"minecraft:play_time":52410,"minecraft:deaths":2,"minecraft:sneak_time":1471,"minecraft:walk_under_water_one_cm":7202,"minecraft:damage_dealt_resisted":62,"minecraft:jump":351,"minecraft:leave_game":4,"minecraft:walk_on_water_one_cm":6731,"minecraft:time_since_death":0,"minecraft:climb_one_cm":3365,"minecraft:total_world_time":52410,"minecraft:damage_resisted":0,"minecraft:fall_one_cm":7500},"minecraft:used":{"minecraft:moss_block":20,"minecraft:iron_axe":1,"minecraft:stone_pickaxe":259,"minecraft:baked_potato":12,"minecraft:iron_pickaxe":8,"minecraft:wooden_pickaxe":6,"minecraft:iron_sword":18,"minecraft:torch":3,"minecraft:dirt":5,"minecraft:cobblestone":14,"minecraft:crafting_table":1,"minecraft:furnace":1,"tombstone:gift":1,"alexsmobs:animal_dictionary":1,"minecraft:cobbled_deepslate":5},"minecraft:picked_up":{"minecraft:crafting_table":1,"minecraft:raw_iron":16,"minecraft:milk_bucket":1,"minecraft:chainmail_boots":1,"minecraft:torch":3,"minecraft:red_mushroom":3,"minecraft:cherry_log":5,"minecraft:gunpowder":1,"minecraft:redstone":2,"minecraft:dirt":37,"minecraft:rotten_flesh":2,"minecraft:cobbled_deepslate":7,"minecraft:baked_potato":29,"minecraft:moss_block":20,"minecraft:coal":212,"minecraft:cobblestone":44,"minecraft:furnace":1},"minecraft:killed":{"minecraft:spider":1},"minecraft:crafted":{"minecraft:cherry_planks":20,"minecraft:iron_chestplate":1,"minecraft:iron_axe":1,"minecraft:crafting_table":1,"minecraft:stick":16,"minecraft:iron_pickaxe":1,"minecraft:iron_ingot":15,"minecraft:wooden_pickaxe":1,"minecraft:stone_pickaxe":2,"quark:sturdy_stone":1,"minecraft:iron_sword":1,"minecraft:furnace":1,"minecraft:stone":3,"minecraft:torch":4,"minecraft:air":0},"minecraft:broken":{"minecraft:stone_pickaxe":2}},"DataVersion":3465}