{"stats":{"minecraft:killed":{"alexscaves:brainiac":2,"alexsmobs:tiger":1,"alexsmobs:raccoon":2,"minecraft:spider":7,"alexscaves:nucleeper":1,"minecraft:skeleton":16,"alexscaves:radgill":2,"minecraft:chicken":8,"minecraft:silverfish":4,"alexscaves:gammaroach":2,"minecraft:zombie_villager":1,"minecraft:salmon":4,"minecraft:creeper":3,"minecraft:sheep":3,"minecraft:zombie":39,"alexsmobs:cockroach":1,"alexsmobs:terrapin":1,"minecraft:cow":5},"minecraft:mined":{"alexscaves:spelunkery_table":1,"minecraft:red_carpet":1,"alexscaves:acidic_radrock":1,"minecraft:deepslate_diamond_ore":24,"alexscaves:radrock":209,"minecraft:cherry_log":33,"minecraft:glow_lichen":1,"minecraft:budding_amethyst":1,"minecraft:grass_block":24,"alexscaves:sulfur_cluster":1,"farmersdelight:tomatoes":1,"minecraft:spruce_leaves":6,"minecraft:moss_block":10,"minecraft:large_fern":3,"minecraft:hay_block":12,"minecraft:spore_blossom":1,"alexscaves:radrock_uranium_ore":42,"minecraft:furnace":4,"minecraft:iron_ore":23,"minecraft:fire":1,"minecraft:cobbled_deepslate":6,"minecraft:andesite":2,"alexscaves:rusty_scrap_metal":2,"minecraft:bell":1,"create:asurine":2,"minecraft:pointed_dripstone":2,"minecraft:deepslate_iron_ore":31,"minecraft:vine":2,"minecraft:bamboo":1,"minecraft:stone":518,"minecraft:blackstone":2,"minecraft:blue_stained_glass":11,"minecraft:crafting_table":3,"minecraft:torch":7,"minecraft:blast_furnace":2,"minecraft:emerald_ore":2,"minecraft:calcite":10,"minecraft:lime_carpet":1,"minecraft:copper_ore":5,"minecraft:tall_grass":13,"minecraft:cobblestone":5,"minecraft:deepslate_coal_ore":25,"farmersdelight:wild_tomatoes":1,"minecraft:deepslate_gold_ore":4,"minecraft:damaged_anvil":1,"minecraft:oak_planks":1,"minecraft:iron_door":2,"minecraft:wall_torch":5,"minecraft:amethyst_block":3,"minecraft:orange_carpet":1,"minecraft:pink_petals":1,"minecraft:coarse_dirt":1,"minecraft:mud":4,"minecraft:birch_log":18,"minecraft:wheat":168,"minecraft:sweet_berry_bush":2,"minecraft:spruce_log":4,"minecraft:birch_leaves":26,"alexscaves:waste_drum":1,"minecraft:tnt":3,"minecraft:yellow_bed":4,"minecraft:grass":20,"minecraft:oak_log":7,"minecraft:coal_ore":91,"minecraft:cherry_leaves":6,"minecraft:gravel":12,"minecraft:yellow_concrete":3,"minecraft:dirt":25,"minecraft:cobweb":1,"minecraft:smooth_basalt":8,"create:crimsite":1,"minecraft:oak_leaves":13,"minecraft:deepslate":240,"minecraft:infested_stone":1,"create:deepslate_zinc_ore":9,"minecraft:tuff":9},"minecraft:used":{"minecraft:iron_shovel":4,"minecraft:flint_and_steel":2,"minecraft:chest":3,"minecraft:shield":124,"minecraft:iron_sword":299,"minecraft:cooked_salmon":4,"minecraft:cooked_chicken":7,"minecraft:torch":75,"minecraft:dirt":39,"farmersdelight:rope":12,"alexsmobs:maggot":1,"minecraft:lava_bucket":12,"minecraft:iron_axe":55,"alexscaves:geothermal_vent":1,"alexscaves:spelunkery_table":1,"minecraft:hay_block":1,"minecraft:furnace":7,"minecraft:trapped_chest":1,"tombstone:gift":11,"minecraft:cooked_beef":3,"farmersdelight:tomato_seeds":1,"minecraft:cobbled_deepslate":234,"minecraft:enchanted_golden_apple":1,"farmersdelight:fried_egg":2,"minecraft:cooked_mutton":1,"minecraft:water_bucket":63,"minecraft:stone_pickaxe":161,"minecraft:wooden_pickaxe":19,"minecraft:blast_furnace":2,"minecraft:crafting_table":11,"minecraft:diamond_pickaxe":80,"alexscaves:slam":2,"minecraft:iron_pickaxe":1084,"minecraft:bread":77,"minecraft:gravel":8,"minecraft:stone_axe":99,"minecraft:cobblestone":253,"minecraft:bucket":76,"minecraft:yellow_bed":1,"minecraft:moss_block":6,"alexsmobs:animal_dictionary":2,"minecraft:cherry_boat":2,"alexscaves:radrock":129},"minecraft:picked_up":{"alexscaves:waste_drum":6,"minecraft:iron_chestplate":1,"minecraft:mud":7,"minecraft:coarse_dirt":1,"minecraft:crafting_table":3,"minecraft:wheat":158,"alexscaves:radgill":6,"minecraft:azure_bluet":1,"minecraft:chainmail_boots":1,"minecraft:chicken":9,"minecraft:enchanted_book":1,"minecraft:shield":1,"minecraft:amethyst_block":3,"minecraft:string":9,"minecraft:raw_copper":17,"minecraft:iron_axe":1,"alexscaves:acidic_radrock":1,"minecraft:experience_bottle":2,"minecraft:blackstone":2,"minecraft:cherry_boat":1,"minecraft:cobbled_deepslate":257,"minecraft:beef":6,"minecraft:calcite":15,"minecraft:poppy":1,"minecraft:iron_pickaxe":2,"minecraft:birch_sapling":3,"minecraft:furnace":4,"minecraft:iron_boots":1,"minecraft:egg":2,"minecraft:stick":4,"minecraft:raw_iron":51,"alexscaves:geothermal_vent":1,"minecraft:torch":13,"sophisticatedbackpacks:backpack":1,"farmersdelight:tomato_seeds":2,"minecraft:cherry_log":36,"minecraft:pointed_dripstone":3,"tombstone:grave_dust":5,"minecraft:redstone":3,"minecraft:tnt":3,"minecraft:arrow":18,"minecraft:lime_carpet":1,"minecraft:rotten_flesh":57,"minecraft:hay_block":12,"alexscaves:spelunkery_table":1,"create:asurine":2,"minecraft:pink_tulip":1,"minecraft:gold_ingot":4,"sophisticatedbackpacks:copper_backpack":1,"minecraft:mutton":5,"minecraft:white_wool":2,"minecraft:cobblestone":526,"minecraft:birch_log":18,"minecraft:pink_petals":60,"minecraft:feather":7,"minecraft:glow_ink_sac":14,"minecraft:cherry_planks":2,"minecraft:iron_door":1,"alexscaves:sulfur_dust":4,"minecraft:salmon":4,"minecraft:andesite":2,"minecraft:leather":10,"minecraft:golden_leggings":2,"exposure:aged_photograph":1,"minecraft:flint":1,"minecraft:tuff":9,"create:raw_zinc":9,"minecraft:oak_log":7,"minecraft:yellow_bed":4,"minecraft:gunpowder":23,"alexscaves:charred_remnant":2,"alexscaves:rusty_scrap_metal":1,"minecraft:dirt":77,"tombstone:gift":1,"minecraft:bone":14,"alexscaves:hazmat_mask":1,"minecraft:bow":2,"minecraft:wheat_seeds":392,"alexscaves:toxic_paste":4,"minecraft:raw_gold":15,"alexsmobs:cockroach_wing_fragment":1,"minecraft:spore_blossom":1,"minecraft:iron_ingot":5,"alexscaves:radrock":280,"minecraft:bamboo":7,"minecraft:oak_planks":4,"minecraft:moss_block":7,"minecraft:iron_sword":2,"minecraft:smooth_basalt":8,"minecraft:sweet_berries":5,"alexscaves:fissile_core":4,"minecraft:dandelion":1,"minecraft:dripstone_block":4,"alexscaves:uranium":51,"minecraft:gravel":10,"minecraft:sand":1,"minecraft:blast_furnace":2,"minecraft:spruce_log":4,"minecraft:trapped_chest":2,"minecraft:spider_eye":5,"alexscaves:radon_bottle":1,"minecraft:diamond":28,"alexsmobs:maggot":1,"minecraft:iron_helmet":1,"minecraft:crossbow":1,"minecraft:cherry_sapling":1,"minecraft:golden_apple":1,"minecraft:emerald":3,"minecraft:bread":22,"tombstone:magic_scroll":4,"minecraft:damaged_anvil":1,"minecraft:coal":122,"minecraft:ender_pearl":1},"minecraft:custom":{"minecraft:mob_kills":104,"minecraft:interact_with_crafting_table":41,"minecraft:open_barrel":26,"minecraft:eat_cake_slice":5,"minecraft:leave_game":6,"minecraft:time_since_death":25848,"minecraft:climb_one_cm":8956,"minecraft:sprint_one_cm":1127108,"minecraft:walk_one_cm":980608,"minecraft:damage_blocked_by_shield":7425,"minecraft:drop":36,"minecraft:damage_dealt_absorbed":122,"minecraft:talked_to_villager":3,"minecraft:play_time":373934,"minecraft:sneak_time":6993,"minecraft:deaths":28,"minecraft:walk_under_water_one_cm":50410,"minecraft:boat_one_cm":57667,"minecraft:interact_with_brewingstand":1,"minecraft:jump":5610,"minecraft:interact_with_blast_furnace":19,"minecraft:walk_on_water_one_cm":77655,"minecraft:total_world_time":373934,"minecraft:interact_with_furnace":39,"minecraft:interact_with_loom":2,"minecraft:sleep_in_bed":4,"minecraft:time_since_rest":9961,"minecraft:waystone_activated":4,"minecraft:damage_taken":13245,"minecraft:trigger_trapped_chest":9,"minecraft:damage_dealt":17286,"minecraft:swim_one_cm":93401,"minecraft:fly_one_cm":892352,"minecraft:open_chest":87,"minecraft:crouch_one_cm":18658,"tombstone:undead_killed":58,"minecraft:interact_with_smoker":1,"minecraft:interact_with_smithing_table":4,"minecraft:fall_one_cm":132951,"minecraft:horse_one_cm":11515},"minecraft:broken":{"minecraft:iron_boots":1,"minecraft:iron_chestplate":1,"minecraft:golden_leggings":2,"minecraft:stone_pickaxe":1,"minecraft:shield":2,"minecraft:stone_axe":1,"minecraft:iron_pickaxe":3,"minecraft:iron_helmet":1},"minecraft:crafted":{"minecraft:cherry_planks":120,"minecraft:oak_planks":8,"alexscaves:polymer_plate":4,"minecraft:cooked_chicken":7,"minecraft:furnace":5,"minecraft:cherry_boat":1,"minecraft:cooked_mutton":1,"minecraft:flint_and_steel":1,"minecraft:iron_boots":1,"minecraft:stone_pickaxe":2,"minecraft:chest":4,"minecraft:wheat":90,"minecraft:cooked_beef":3,"sophisticatedbackpacks:backpack":1,"minecraft:crafting_table":8,"minecraft:iron_helmet":1,"minecraft:wooden_pickaxe":1,"minecraft:iron_sword":2,"minecraft:cooked_salmon":4,"minecraft:bucket":1,"minecraft:birch_planks":24,"minecraft:stone_axe":1,"minecraft:bread":83,"minecraft:air":0,"farmersdelight:fried_egg":2,"minecraft:iron_chestplate":1,"minecraft:diamond_pickaxe":1,"minecraft:charcoal":2,"minecraft:shield":5,"minecraft:stick":44,"minecraft:iron_ingot":63,"minecraft:iron_pickaxe":4,"minecraft:iron_leggings":1,"minecraft:iron_shovel":1,"minecraft:gold_ingot":35,"minecraft:torch":92},"minecraft:dropped":{"alexscaves:sulfur_dust":3,"minecraft:iron_sword":2,"minecraft:wheat_seeds":2,"minecraft:diamond":6,"minecraft:torch":1,"alexscaves:acidic_radrock":1,"alexscaves:toxic_paste":3,"minecraft:trapped_chest":1,"alexscaves:fissile_core":3,"minecraft:bone":1,"alexscaves:uranium":51,"alexscaves:waste_drum":6,"alexscaves:radrock":44,"sophisticatedbackpacks:backpack":2,"minecraft:shield":2,"alexscaves:charred_remnant":2,"minecraft:calcite":5,"minecraft:bread":9,"minecraft:iron_ingot":3}},"DataVersion":3465}