{"stats":{"minecraft:killed":{"alexsmobs:skunk":1},"minecraft:custom":{"minecraft:interact_with_furnace":5,"minecraft:mob_kills":1,"minecraft:interact_with_crafting_table":4,"minecraft:open_barrel":11,"minecraft:leave_game":1,"minecraft:time_since_death":20909,"minecraft:climb_one_cm":635,"minecraft:time_since_rest":18763,"minecraft:sprint_one_cm":180829,"minecraft:damage_taken":1003,"minecraft:walk_one_cm":123200,"minecraft:damage_blocked_by_shield":60,"minecraft:drop":1,"minecraft:damage_dealt":83,"minecraft:swim_one_cm":3683,"minecraft:fly_one_cm":109244,"minecraft:open_chest":18,"minecraft:crouch_one_cm":5202,"minecraft:play_time":34505,"minecraft:deaths":2,"minecraft:sneak_time":1589,"minecraft:walk_under_water_one_cm":5266,"minecraft:jump":751,"minecraft:walk_on_water_one_cm":8755,"minecraft:total_world_time":34505,"minecraft:fall_one_cm":16450},"minecraft:picked_up":{"minecraft:charcoal":2,"minecraft:spruce_leaves":1,"minecraft:pink_petals":7,"minecraft:crafting_table":1,"minecraft:golden_carrot":13,"minecraft:golden_pickaxe":1,"minecraft:smithing_table":1,"minecraft:smoker":1,"twilightforest:mining_chest":1,"minecraft:shield":1,"minecraft:gunpowder":2,"minecraft:dirt":9,"minecraft:paper":4,"minecraft:raw_copper":3,"minecraft:bone":2,"minecraft:blackstone":46,"minecraft:wheat_seeds":1,"minecraft:raw_gold":4,"minecraft:sugar_cane":5,"minecraft:furnace":2,"minecraft:stick":51,"minecraft:raw_iron":3,"patchouli:guide_book":1,"minecraft:torch":1,"minecraft:cherry_log":33,"minecraft:rotten_flesh":2,"minecraft:diamond":5,"minecraft:cherry_sapling":115,"minecraft:chainmail_helmet":1,"minecraft:cherry_slab":4,"minecraft:cobblestone":69},"minecraft:mined":{"minecraft:blackstone":44,"minecraft:deepslate_diamond_ore":5,"minecraft:cherry_log":3,"minecraft:cherry_sapling":1,"minecraft:crafting_table":1,"minecraft:torch":1,"minecraft:grass_block":1,"minecraft:deepslate_gold_ore":4,"minecraft:pink_petals":6,"minecraft:furnace":2,"minecraft:fire":1,"minecraft:grass":9,"minecraft:deepslate_iron_ore":3,"minecraft:dirt":6,"minecraft:stone":70},"minecraft:dropped":{"patchouli:guide_book":1},"minecraft:used":{"minecraft:cherry_sapling":115,"minecraft:stone_pickaxe":102,"minecraft:blackstone":9,"minecraft:wooden_pickaxe":3,"minecraft:shield":1,"minecraft:spruce_leaves":1,"minecraft:torch":1,"minecraft:dirt":9,"minecraft:crafting_table":1,"minecraft:iron_pickaxe":42,"minecraft:golden_carrot":6,"minecraft:cobblestone":22,"minecraft:furnace":2},"minecraft:crafted":{"minecraft:cherry_planks":12,"minecraft:crafting_table":1,"minecraft:wooden_pickaxe":1,"minecraft:furnace":1,"minecraft:air":0,"minecraft:charcoal":1,"minecraft:stick":4,"minecraft:iron_ingot":3,"minecraft:iron_pickaxe":1,"minecraft:stone_pickaxe":1,"minecraft:torch":4}},"DataVersion":3465}