{"stats":{"minecraft:picked_up":{"croptopia:orange":3,"minecraft:oak_log":3,"minecraft:spruce_log":13,"minecraft:cobblestone":6},"minecraft:mined":{"minecraft:grass":1,"minecraft:oak_log":3,"croptopia:orange_crop":3,"minecraft:birch_log":2,"minecraft:spruce_log":13,"minecraft:stone":6},"minecraft:used":{"minecraft:chainmail_boots":1,"minecraft:porkchop":4,"alexsmobs:animal_dictionary":2,"minecraft:cooked_beef":3,"minecraft:golden_pickaxe":9,"croptopia:orange":3},"minecraft:crafted":{"minecraft:oak_planks":12,"minecraft:crafting_table":1,"minecraft:spruce_planks":52,"minecraft:stick":24},"minecraft:custom":{"minecraft:time_since_rest":19190,"minecraft:crouch_one_cm":342,"minecraft:sprint_one_cm":69859,"lootr:looted_stat":2,"minecraft:play_time":19190,"minecraft:damage_taken":721,"minecraft:walk_one_cm":55045,"minecraft:sneak_time":154,"minecraft:jump":196,"minecraft:damage_dealt":66,"minecraft:leave_game":13,"minecraft:time_since_death":19190,"minecraft:total_world_time":19190,"minecraft:talked_to_villager":1,"minecraft:fall_one_cm":3179,"minecraft:fly_one_cm":37960}},"DataVersion":3465}