{"stats":{"minecraft:picked_up":{"croptopia:orange":3,"minecraft:spruce_log":11,"minecraft:cobblestone":6},"minecraft:mined":{"minecraft:grass":1,"croptopia:orange_crop":3,"minecraft:birch_log":2,"minecraft:spruce_log":11,"minecraft:stone":6},"minecraft:used":{"minecraft:chainmail_boots":1,"minecraft:porkchop":4,"alexsmobs:animal_dictionary":2,"minecraft:cooked_beef":3,"minecraft:golden_pickaxe":9,"croptopia:orange":3},"minecraft:crafted":{"minecraft:crafting_table":1,"minecraft:spruce_planks":44},"minecraft:custom":{"minecraft:time_since_rest":13386,"minecraft:crouch_one_cm":342,"minecraft:sprint_one_cm":62798,"lootr:looted_stat":2,"minecraft:play_time":13386,"minecraft:damage_taken":721,"minecraft:walk_one_cm":49569,"minecraft:sneak_time":154,"minecraft:jump":162,"minecraft:damage_dealt":66,"minecraft:leave_game":11,"minecraft:time_since_death":13386,"minecraft:total_world_time":13386,"minecraft:fall_one_cm":2434,"minecraft:fly_one_cm":32374}},"DataVersion":3465}