{"stats":{"minecraft:custom":{"exposure:flashes_triggered":14,"minecraft:interact_with_crafting_table":220,"minecraft:open_barrel":273,"minecraft:bell_ring":79,"minecraft:leave_game":92,"minecraft:time_since_death":1192359,"minecraft:damage_blocked_by_shield":14513,"minecraft:play_time":2983507,"minecraft:deaths":10,"minecraft:enchant_item":8,"minecraft:jump":40529,"minecraft:interact_with_furnace":442,"minecraft:traded_with_villager":1245,"minecraft:sleep_in_bed":44,"minecraft:waystone_activated":12,"minecraft:damage_dealt":211644,"tombstone:undead_killed":739,"minecraft:interact_with_smithing_table":10,"minecraft:interact_with_smoker":73,"minecraft:inspect_dispenser":44,"minecraft:horse_one_cm":32923,"minecraft:interact_with_anvil":46,"minecraft:inspect_hopper":1,"minecraft:damage_dealt_absorbed":649,"minecraft:sneak_time":90430,"minecraft:interact_with_blast_furnace":44,"minecraft:total_world_time":2983507,"tombstone:raider_killed":70,"minecraft:interact_with_stonecutter":11,"minecraft:time_since_rest":92833,"twilightforest:life_charms_activated":1,"minecraft:swim_one_cm":391490,"minecraft:fly_one_cm":19902987,"minecraft:open_chest":590,"minecraft:fall_one_cm":3755347,"minecraft:fish_caught":4,"exposure:interact_with_lightroom":15,"minecraft:damage_resisted":32,"minecraft:sprint_one_cm":5539937,"minecraft:drop":969,"minecraft:talked_to_villager":928,"minecraft:interact_with_brewingstand":41,"minecraft:walk_on_water_one_cm":175077,"minecraft:interact_with_loom":14,"exposure:film_frames_exposed":16,"minecraft:interact_with_beacon":2,"minecraft:crouch_one_cm":302214,"tombstone:villager_killed":15,"minecraft:mob_kills":1282,"minecraft:damage_dealt_resisted":638,"minecraft:climb_one_cm":43344,"minecraft:walk_one_cm":6717051,"minecraft:walk_under_water_one_cm":209078,"minecraft:boat_one_cm":338357,"minecraft:damage_absorbed":201,"minecraft:damage_taken":71746,"minecraft:trigger_trapped_chest":26},"minecraft:picked_up":{"minecraft:wooden_axe":1,"minecraft:iron_chestplate":4,"alexscaves:waste_drum":33,"minecraft:anvil":5,"minecraft:chainmail_boots":5,"minecraft:prismarine_shard":7,"minecraft:flower_pot":1,"minecraft:suspicious_stew":1,"minecraft:stone_slab":2,"minecraft:lead":2,"minecraft:smithing_table":1,"minecraft:diamond_sword":2,"farmersdelight:rice_panicle":9,"alexscaves:unrefined_waste":14,"minecraft:enchanted_book":14,"comforts:hammock_white":3,"minecraft:brewing_stand":3,"minecraft:golden_sword":1,"apotheosis:blazing_hellshelf":3,"minecraft:amethyst_block":2,"minecraft:string":151,"create:limestone":203,"alexscaves:rusty_barrel":8,"minecraft:cooked_salmon":2,"minecraft:pufferfish":1,"minecraft:beetroot":1,"create:water_wheel":2,"minecraft:cherry_boat":15,"minecraft:cobbled_deepslate":713,"minecraft:diamond_leggings":1,"create:cart_assembler":13,"minecraft:gold_nugget":45,"minecraft:written_book":2,"alexscaves:cinder_block":6,"minecraft:coal_block":8,"minecraft:beehive":1,"apotheosis:rare_material":8,"alexscaves:acid_bucket":1,"minecraft:composter":8,"minecraft:big_dripleaf":2,"quark:cherry_chest":15,"create:andesite_casing":109,"twilightforest:cracked_etched_nagastone":2,"minecraft:golden_axe":1,"minecraft:cherry_log":1658,"minecraft:golden_chestplate":4,"alexsmobs:centipede_leg":2,"minecraft:rabbit_foot":1,"instrumentalmobs:trumpet":1,"minecraft:zombie_spawn_egg":1,"minecraft:stone_sword":3,"quark:clear_shard":23,"minecraft:tropical_fish":3,"artifacts:villager_hat":1,"farmersdelight:onion":16,"minecraft:red_tulip":5,"minecraft:iron_block":4,"tombstone:scroll_of_aquatic_life":1,"minecraft:white_terracotta":2,"minecraft:bookshelf":2,"twilightforest:knightmetal_leggings":1,"minecraft:tadpole_bucket":1,"minecraft:blaze_rod":61,"minecraft:iron_bars":7,"minecraft:furnace_minecart":3,"minecraft:medium_amethyst_bud":3,"farmersdelight:rice":1,"minecraft:feather":9,"minecraft:cooked_beef":35,"minecraft:iron_door":1,"minecraft:water_bucket":1,"minecraft:flint":22,"trials:trial_key":8,"farmersdelight:tomato":33,"alexscaves:rusty_scrap_metal":2,"alexscaves:hazmat_mask":2,"minecraft:stonecutter":2,"create:mechanical_drill":2,"create:shaft":16,"minecraft:glowstone_dust":58,"minecraft:moss_block":3,"create:gearshift":2,"minecraft:stripped_crimson_stem":2,"minecraft:dropper":1,"trials:chiseled_tuff_bricks":1,"sophisticatedbackpacks:iron_backpack":1,"minecraft:trapped_chest":1,"minecraft:dark_oak_log":25,"minecraft:barrel":3,"alexsmobs:animal_dictionary":1,"minecraft:bundle":11,"minecraft:polished_andesite":1,"minecraft:deepslate":1,"minecraft:lever":11,"minecraft:miner_pottery_sherd":1,"minecraft:bread":13,"minecraft:chainmail_helmet":4,"alexsmobs:maggot":19,"minecraft:plenty_pottery_sherd":1,"minecraft:cherry_slab":68,"twilightforest:ironwood_helmet":1,"minecraft:crimson_roots":7,"minecraft:spruce_leaves":3,"minecraft:crafting_table":13,"minecraft:coarse_dirt":6,"dungeonnowloading:wooden_wall_platform":1,"alexscaves:cinder_brick":150,"minecraft:clay_ball":4,"minecraft:leather_leggings":1,"toms_storage:ts.storage_terminal":2,"minecraft:stripped_cherry_log":331,"minecraft:cornflower":2,"apotheosis:simple_reforging_table":1,"artifacts:power_glove":1,"minecraft:iron_shovel":4,"create:redstone_link":1,"dungeonnowloading:spawner_fragment":3,"trials:breeze_rod":46,"minecraft:cracked_stone_bricks":3,"minecraft:deepslate_diamond_ore":7,"trials:tuff_bricks":16,"minecraft:beef":19,"minecraft:jungle_sapling":1,"minecraft:iron_nugget":2,"minecraft:poppy":4,"minecraft:minecart":37,"minecraft:chest":11,"alexscaves:hazmat_chestplate":1,"minecraft:cherry_button":1,"minecraft:piston":9,"minecraft:waxed_oxidized_copper":1,"minecraft:egg":1,"create:polished_rose_quartz":1,"minecraft:stone":600,"farmersdelight:tomato_seeds":1,"minecraft:carrot":206,"minecraft:redstone":154,"create:vertical_gearbox":1,"minecraft:prismarine_crystals":1,"minecraft:tnt":7,"minecraft:diamond_chestplate":1,"minecraft:beetroot_seeds":2,"minecraft:decorated_pot":4,"minecraft:peony":8,"minecraft:diamond_boots":3,"artifacts:snowshoes":1,"minecraft:hay_block":21,"create:depot":2,"tombstone:essence_of_undeath":2,"minecraft:gold_ingot":51,"sophisticatedbackpacks:copper_backpack":6,"minecraft:glow_berries":6,"minecraft:mutton":17,"minecraft:heartbreak_pottery_sherd":1,"minecraft:white_wool":15,"minecraft:rail":313,"minecraft:oxeye_daisy":1,"create:iron_sheet":2,"alexscaves:sulfur_dust":113,"minecraft:red_mushroom":6,"minecraft:oak_log":20,"minecraft:golden_boots":3,"create:minecart_contraption":1,"alexscaves:charred_remnant":8,"farmersdelight:skillet":1,"minecraft:paper":74,"tombstone:gift":1,"minecraft:spawner":8,"minecraft:stone_bricks":16,"minecraft:apple":3,"alexscaves:slam":8,"farmersdelight:cooking_pot":2,"minecraft:kelp":27,"alexsmobs:cockroach_wing_fragment":1,"alexscaves:green_soylent":11,"minecraft:iron_ore":14,"minecraft:blade_pottery_sherd":1,"tombstone:bag_of_seeds":5,"minecraft:glass_bottle":10,"tombstone:scroll_of_frost_resistance":1,"apotheosis:gem_dust":6,"alexscaves:polymer_plate":4,"minecraft:iron_sword":1,"create:mechanical_saw":2,"twilightforest:nagastone_pillar":1,"minecraft:smooth_basalt":15,"minecraft:milk_bucket":1,"minecraft:sweet_berries":12,"minecraft:red_wool":2,"minecraft:spyglass":1,"minecraft:gravel":36,"minecraft:crimson_stairs":6,"twilightforest:cracked_nagastone_pillar":2,"minecraft:spruce_log":9,"create:gearbox":2,"minecraft:leather_helmet":5,"alexscaves:uranium_rod":3,"minecraft:diamond_shovel":1,"minecraft:coal_ore":5,"minecraft:slime_ball":110,"tombstone:scroll_of_knowledge":1,"alexscaves:spelunkie":17,"instrumentalmobs:french_horn":1,"create:portable_storage_interface":2,"minecraft:oak_button":1,"alexscaves:cave_map":1,"minecraft:baked_potato":18,"twilightforest:spiral_bricks":10,"minecraft:crimson_nylium":14,"minecraft:warped_nylium":6,"minecraft:hopper":1,"minecraft:ender_pearl":17,"alexscaves:radgill":4,"minecraft:wheat":406,"artifacts:umbrella":2,"alexscaves:cave_tablet":24,"minecraft:potion":14,"minecraft:gilded_blackstone":16,"minecraft:stone_brick_stairs":8,"tombstone:grave_key":1,"minecraft:crimson_planks":29,"toms_storage:ts.trim":4,"create:furnace_minecart_contraption":3,"minecraft:raw_copper":21,"minecraft:iron_leggings":4,"minecraft:sticky_piston":1,"alexscaves:acidic_radrock":4,"create:andesite_funnel":3,"create:sand_paper":1,"alexsmobs:dropbear_claw":6,"alexsmobs:blood_sac":1,"create:mechanical_press":3,"minecraft:smooth_stone":2,"minecraft:bucket":1,"farmersdelight:cabbage":112,"comforts:sleeping_bag_white":1,"artifacts:aqua_dashers":1,"minecraft:white_tulip":8,"minecraft:redstone_torch":36,"minecraft:cobblestone_slab":14,"minecraft:calcite":27,"dungeonnowloading:mossy_cobblestone_pebble":1,"minecraft:iron_pickaxe":4,"minecraft:iron_boots":5,"farmersdelight:cabbage_seeds":636,"minecraft:furnace":17,"minecraft:blue_wool":1,"minecraft:tipped_arrow":47,"minecraft:stick":552,"apotheosis:gem":40,"create:mechanical_mixer":4,"farmersdelight:rotten_tomato":16,"minecraft:oak_fence":2,"minecraft:torch":83,"minecraft:porkchop":31,"minecraft:dried_kelp":14,"minecraft:pointed_dripstone":2,"tombstone:grave_dust":99,"minecraft:diorite":32,"instrumentalmobs:xylophone":1,"minecraft:goat_horn":1,"create:large_cogwheel":4,"minecraft:cactus":2,"apotheosis:dormant_deepshelf":1,"minecraft:rotten_flesh":613,"apotheosis:beeshelf":1,"alexsmobs:emu_egg":2,"minecraft:green_wool":1,"minecraft:obsidian":15,"minecraft:cod":5,"minecraft:cobblestone":1960,"minecraft:pink_petals":692,"minecraft:leather_chestplate":2,"twilightforest:twilight_oak_log":31,"minecraft:cherry_planks":229,"minecraft:andesite":679,"minecraft:golden_leggings":3,"minecraft:potato":369,"create:belt_connector":3,"alexscaves:cave_book":1,"minecraft:tuff":31,"create:raw_zinc":13,"minecraft:prismarine_bricks":41,"twilightforest:mossy_nagastone_pillar":2,"alexscaves:hazmat_leggings":1,"minecraft:wither_skeleton_skull":2,"trials:trial_key_ominous":3,"minecraft:lapis_lazuli":14,"minecraft:dirt":1245,"minecraft:name_tag":1,"minecraft:leather_boots":2,"minecraft:bone":391,"minecraft:glass":4,"apotheosis:gem_fused_slate":4,"minecraft:bow":13,"minecraft:orange_tulip":3,"minecraft:cobbled_deepslate_wall":4,"alexscaves:toxic_paste":17,"minecraft:wheat_seeds":936,"minecraft:raw_gold":61,"trials:ominous_bottle":6,"minecraft:mossy_stone_bricks":3,"minecraft:fletching_table":14,"minecraft:bamboo":67,"minecraft:powered_rail":71,"minecraft:oak_planks":9,"minecraft:mossy_stone_brick_stairs":2,"create:radial_chassis":1,"minecraft:ghast_tear":4,"minecraft:cooked_porkchop":20,"create:cogwheel":25,"minecraft:axolotl_bucket":3,"minecraft:poisonous_potato":12,"alexscaves:uranium":131,"create:cut_deepslate_bricks":68,"minecraft:sand":60,"apotheosis:seashelf":6,"minecraft:dead_bush":2,"minecraft:grass_block":10,"dungeonnowloading:wooden_wall_rack":3,"minecraft:mossy_cobblestone":14,"alexscaves:radon_bottle":35,"artifacts:plastic_drinking_hat":2,"twilightforest:mossy_etched_nagastone":3,"minecraft:skeleton_spawn_egg":1,"minecraft:light_gray_terracotta":1,"tombstone:familiar_stone":2,"twilightforest:twilight_oak_sapling":1,"minecraft:diamond":100,"waystones:waystone":3,"minecraft:cherry_wood":2,"alexsmobs:rattlesnake_rattle":2,"minecraft:crossbow":1,"minecraft:bone_meal":1,"minecraft:golden_apple":1,"minecraft:emerald":195,"minecraft:oak_sapling":3,"minecraft:netherrack":629,"minecraft:nether_star":1,"minecraft:allium":21,"minecraft:azure_bluet":1,"minecraft:chicken":1,"minecraft:turtle_helmet":1,"minecraft:chest_minecart":2,"alexscaves:raygun":1,"minecraft:brown_mushroom":2,"minecraft:wooden_pickaxe":1,"minecraft:pink_wool":1,"minecraft:gold_block":6,"trials:scrape_pottery_sherd":1,"minecraft:shield":7,"create:mechanical_harvester":25,"minecraft:orange_concrete":4,"minecraft:wooden_sword":1,"minecraft:blackstone":119,"trials:bolt_template":1,"minecraft:candle":7,"minecraft:detector_rail":5,"alexsmobs:elastic_tendon":5,"create:basin":3,"minecraft:observer":2,"minecraft:light_gray_wool":2,"minecraft:sugar_cane":593,"minecraft:lectern":309,"twilightforest:towerwood":4,"farmersdelight:golden_knife":1,"minecraft:cherry_trapdoor":15,"minecraft:phantom_membrane":6,"create:linear_chassis":15,"minecraft:dark_oak_sapling":7,"minecraft:raw_iron":240,"minecraft:copper_ingot":3,"exposure:photograph":1,"minecraft:stone_button":2,"minecraft:music_disc_11":1,"create:hand_crank":8,"minecraft:trident":3,"minecraft:iron_horse_armor":2,"create:zinc_ingot":1,"create:deployer":14,"minecraft:arrow":309,"minecraft:weeping_vines":8,"create:secondary_linear_chassis":4,"minecraft:nether_bricks":47,"twilightforest:etched_nagastone":4,"alexscaves:spelunkery_table":3,"minecraft:pink_tulip":6,"instrumentalmobs:drum":1,"minecraft:crimson_stem":2,"minecraft:basalt":138,"minecraft:golden_carrot":33,"minecraft:glow_ink_sac":17,"minecraft:leather":21,"minecraft:birch_planks":2,"artifacts:onion_ring":1,"minecraft:crimson_fungus":21,"create:andesite_alloy":5,"minecraft:chainmail_chestplate":2,"minecraft:waxed_copper_block":2,"minecraft:gunpowder":83,"minecraft:yellow_bed":3,"minecraft:cobblestone_stairs":2,"create:blaze_burner":2,"tombstone:voodoo_poppet":1,"alexsmobs:unsettling_kimono":1,"minecraft:cooked_mutton":29,"minecraft:iron_ingot":45,"alexscaves:radrock":178,"artifacts:kitty_slippers":1,"minecraft:soul_sand":1,"minecraft:book":122,"minecraft:oak_slab":1,"minecraft:emerald_block":16,"minecraft:warped_fungus":4,"create:large_water_wheel":1,"minecraft:chiseled_stone_bricks":2,"alexscaves:fissile_core":5,"minecraft:quartz":109,"minecraft:dandelion":9,"minecraft:dripstone_block":1,"minecraft:lava_bucket":1,"minecraft:blast_furnace":3,"minecraft:white_bed":1,"alexscaves:hazmat_boots":3,"minecraft:spruce_door":7,"trials:polished_tuff":14,"minecraft:spider_eye":40,"minecraft:music_disc_mall":1,"minecraft:gray_banner":1,"minecraft:chainmail_leggings":2,"minecraft:iron_helmet":4,"minecraft:cherry_sapling":273,"tombstone:magic_scroll":15,"minecraft:coal":366},"minecraft:used":{"create:deployer":27,"minecraft:dispenser":2,"minecraft:ladder":2,"farmersdelight:cabbage_seeds":15,"farmersdelight:cherry_cabinet":5,"minecraft:poppy":4,"minecraft:chest":29,"minecraft:stone":1838,"minecraft:rotten_flesh":4,"quark:cherry_chest":50,"create:depot":2,"minecraft:allium":1,"minecraft:jungle_sapling":1,"minecraft:red_wool":1,"minecraft:lava_bucket":11,"minecraft:grass_block":3,"minecraft:cherry_button":6,"create:andesite_funnel":4,"minecraft:bow":222,"quark:prismarine_chest":1,"create:shaft":34,"minecraft:furnace":16,"apotheosis:dormant_deepshelf":3,"minecraft:potato":169,"minecraft:powered_rail":101,"minecraft:spruce_door":1,"toms_storage:ts.inventory_connector":1,"minecraft:orange_tulip":2,"minecraft:blackstone":111,"minecraft:wooden_pickaxe":3,"minecraft:composter":11,"minecraft:golden_apple":5,"minecraft:blast_furnace":4,"apotheosis:seashelf":11,"farmersdelight:rice":17,"minecraft:lectern":326,"minecraft:diamond_sword":3255,"create:basin":4,"minecraft:smithing_table":1,"twilightforest:twilight_oak_log":8,"exposure:camera":12,"minecraft:iron_bars":4,"minecraft:stone_sword":72,"minecraft:orange_concrete":4,"minecraft:cooked_salmon":2,"minecraft:netherrack":128,"minecraft:torch":204,"minecraft:brewing_stand":2,"minecraft:anvil":6,"toms_storage:ts.crafting_terminal":1,"alexscaves:rusty_barrel":2,"create:wrench":25,"create:gearbox":4,"minecraft:cherry_slab":374,"minecraft:spawner":4,"minecraft:diamond_chestplate":3,"apotheosis:gem_cutting_table":1,"minecraft:barrel":7,"minecraft:glowstone":3,"minecraft:basalt":64,"minecraft:iron_trapdoor":1,"tombstone:gift":2,"farmersdelight:cooking_pot":6,"farmersdelight:tomato_seeds":16,"minecraft:cobbled_deepslate":134,"apotheosis:beeshelf":2,"minecraft:cherry_log":636,"create:belt_connector":12,"minecraft:crimson_stem":192,"minecraft:wheat_seeds":82,"minecraft:water_bucket":87,"minecraft:cherry_planks":645,"minecraft:fletching_table":18,"minecraft:leather_boots":1,"create:blaze_burner":3,"create:furnace_minecart_contraption":13,"minecraft:rail":381,"twilightforest:twilight_oak_sapling":1,"minecraft:crafting_table":38,"minecraft:oak_slab":1,"minecraft:white_bed":5,"create:secondary_linear_chassis":14,"minecraft:diamond_pickaxe":3196,"minecraft:cornflower":2,"minecraft:diamond_shovel":446,"minecraft:iron_pickaxe":1429,"create:water_wheel":4,"alexscaves:spelunkie":5,"minecraft:suspicious_stew":2,"minecraft:oak_button":2,"exposure:lightroom":2,"alexsmobs:sombrero":1,"minecraft:crimson_nylium":120,"alexsmobs:tendon_whip":1,"minecraft:cobblestone":1824,"twilightforest:ironwood_helmet":1,"minecraft:potion":1,"minecraft:crimson_stairs":53,"minecraft:cooked_porkchop":41,"minecraft:dandelion":3,"minecraft:diamond_leggings":1,"alexscaves:radrock":46,"create:redstone_link":4,"minecraft:candle":19,"minecraft:cherry_sapling":35,"apotheosis:blazing_hellshelf":3,"minecraft:iron_shovel":572,"create:portable_storage_interface":4,"minecraft:shield":83,"farmersdelight:stove":4,"minecraft:white_terracotta":2,"minecraft:decorated_pot":1,"toms_storage:ts.storage_terminal":2,"create:mechanical_bearing":1,"create:cut_deepslate_bricks":805,"minecraft:stripped_crimson_stem":42,"minecraft:iron_chestplate":2,"create:minecart_contraption":6,"artifacts:umbrella":121,"create:cogwheel":79,"minecraft:nether_bricks":13,"minecraft:carrot":99,"minecraft:axolotl_bucket":1,"minecraft:furnace_minecart":4,"minecraft:obsidian":10,"minecraft:milk_bucket":2,"quark:limestone":4,"minecraft:glass":26,"minecraft:waxed_oxidized_copper":1,"alexscaves:acid_bucket":1,"minecraft:coal_ore":5,"minecraft:iron_helmet":1,"minecraft:crimson_roots":7,"minecraft:golden_sword":9,"minecraft:repeater":2,"farmersdelight:cutting_board":1,"create:mechanical_drill":27,"minecraft:gold_block":9,"apotheosis:salvaging_table":1,"minecraft:dark_oak_sapling":4,"minecraft:golden_boots":1,"minecraft:diamond_boots":1,"minecraft:wither_skeleton_skull":5,"apotheosis:simple_reforging_table":1,"minecraft:stone_pickaxe":60,"minecraft:oak_planks":3,"minecraft:sugar_cane":24,"minecraft:diamond_axe":3118,"create:mechanical_saw":7,"alexscaves:cave_book":3,"minecraft:light_gray_terracotta":5,"minecraft:dripstone_block":1,"minecraft:sticky_piston":3,"minecraft:redstone_torch":42,"waystones:waystone":2,"minecraft:lever":35,"minecraft:bread":110,"minecraft:dark_oak_log":3,"minecraft:string":2,"create:andesite_casing":49,"apotheosis:reforging_table":1,"minecraft:andesite":13,"minecraft:oak_fence":1,"create:vertical_gearbox":3,"minecraft:bone_meal":217,"minecraft:air":1,"minecraft:stripped_cherry_log":237,"minecraft:golden_pickaxe":32,"create:large_cogwheel":9,"minecraft:cherry_boat":16,"minecraft:flint_and_steel":3,"minecraft:trident":220,"create:item_vault":9,"minecraft:redstone":43,"minecraft:spruce_planks":6,"alexsmobs:maraca":146,"minecraft:dirt":1594,"apotheosis:glowing_hellshelf":3,"minecraft:hopper":7,"create:mechanical_mixer":5,"minecraft:diamond_helmet":2,"create:mechanical_plough":1,"alexscaves:waste_drum":2,"toms_storage:ts.trim":9,"create:chute":1,"minecraft:iron_hoe":301,"minecraft:bookshelf":26,"minecraft:red_tulip":2,"quark:cherry_ladder":6,"minecraft:cherry_trapdoor":110,"alexscaves:cinder_block":2,"minecraft:iron_boots":1,"create:cart_assembler":13,"minecraft:crimson_planks":509,"apotheosis:infused_seashelf":3,"minecraft:golden_carrot":240,"create:radial_chassis":2,"alexscaves:nuclear_furnace_component":8,"minecraft:minecart":12,"minecraft:cooked_beef":159,"create:gearshift":3,"minecraft:iron_leggings":3,"minecraft:cobbled_deepslate_wall":1,"minecraft:cooked_mutton":16,"farmersdelight:skillet":2,"minecraft:glass_bottle":47,"minecraft:polished_andesite":1,"minecraft:baked_potato":520,"minecraft:beacon":1,"minecraft:stonecutter":4,"minecraft:cobblestone_slab":418,"farmersdelight:onion":16,"create:brass_funnel":4,"create:mechanical_harvester":29,"minecraft:smoker":1,"create:linear_chassis":28,"minecraft:piston":24,"minecraft:apple":14,"alexscaves:radgill_bucket":3,"create:mechanical_press":4,"minecraft:command_block":4,"create:large_water_wheel":2,"trials:chiseled_tuff_bricks":1,"trials:polished_tuff":10,"minecraft:fishing_rod":9,"minecraft:crimson_fungus":8,"minecraft:cherry_stairs":1,"trials:tuff_bricks":3,"minecraft:bucket":110,"create:hand_crank":9,"alexsmobs:animal_dictionary":9,"minecraft:smooth_stone":2,"minecraft:splash_potion":24},"minecraft:killed_by":{"minecraft:zombie":1,"minecraft:skeleton":1},"minecraft:killed":{"minecraft:cave_spider":17,"alexsmobs:murmur":3,"twilightforest:lich_minion":3,"minecraft:pufferfish":1,"minecraft:skeleton":144,"minecraft:guardian":3,"alexscaves:radgill":7,"minecraft:chicken":2,"alexsmobs:straddler":1,"alexsmobs:centipede_head":1,"minecraft:tropical_fish":1,"twilightforest:carminite_golem":1,"minecraft:magma_cube":3,"alexscaves:gammaroach":8,"minecraft:pillager":25,"minecraft:zombie":376,"trials:breeze":36,"instrumentalmobs:drum_zombie":3,"minecraft:cow":10,"alexscaves:brainiac":15,"minecraft:vindicator":1,"instrumentalmobs:tuba_enderman":1,"twilightforest:death_tome":7,"minecraft:husk":38,"alexsmobs:guster":1,"twilightforest:kobold":2,"alexsmobs:crocodile":1,"twilightforest:bighorn_sheep":4,"minecraft:enderman":3,"minecraft:zombified_piglin":7,"minecraft:witch":5,"minecraft:spider":68,"quark:forgotten":1,"minecraft:bee":2,"minecraft:silverfish":23,"trials:bogged":38,"minecraft:piglin_brute":4,"artifacts:mimic":6,"minecraft:piglin":8,"minecraft:pig":12,"minecraft:zombie_villager":1,"minecraft:creeper":26,"minecraft:sheep":12,"minecraft:ghast":3,"minecraft:stray":34,"alexsmobs:fly":13,"minecraft:blaze":36,"alexsmobs:dropbear":3,"dungeonnowloading:spawner_carrier":1,"minecraft:vex":1,"instrumentalmobs:french_horn_creeper":2,"alexsmobs:tiger":1,"minecraft:slime":115,"instrumentalmobs:xylophone_skeleton":8,"alexsmobs:rattlesnake":2,"alexscaves:nucleeper":4,"minecraft:phantom":16,"twilightforest:naga":1,"alexsmobs:soul_vulture":3,"minecraft:drowned":14,"quark:foxhound":4,"instrumentalmobs:trumpet_skeleton":2,"minecraft:hoglin":4,"minecraft:wither_skeleton":33,"minecraft:villager":15},"minecraft:broken":{"minecraft:golden_boots":1,"minecraft:diamond_helmet":3,"minecraft:iron_boots":3,"minecraft:iron_chestplate":2,"minecraft:iron_leggings":4,"minecraft:chainmail_boots":1,"minecraft:diamond_pickaxe":1,"minecraft:iron_hoe":1,"alexscaves:hazmat_boots":1,"minecraft:diamond_leggings":2,"minecraft:iron_pickaxe":3,"alexsmobs:sombrero":1,"minecraft:iron_helmet":3,"minecraft:iron_shovel":1,"minecraft:diamond_sword":1,"minecraft:golden_chestplate":1,"minecraft:diamond_chestplate":2,"minecraft:diamond_axe":1,"minecraft:golden_pickaxe":1,"create:sand_paper":1},"minecraft:mined":{"minecraft:white_bed":1,"create:andesite_casing":110,"minecraft:cherry_log":995,"minecraft:jungle_leaves":2,"minecraft:obsidian":16,"minecraft:coal_block":5,"minecraft:lime_stained_glass":1,"apotheosis:simple_reforging_table":1,"minecraft:crimson_fungus":4,"create:belt":3,"minecraft:spawner":18,"minecraft:orange_concrete":6,"minecraft:tall_seagrass":2,"minecraft:polished_blackstone_bricks":1,"minecraft:sticky_piston":1,"minecraft:cobbled_deepslate":29,"minecraft:barrel":1,"minecraft:fire":13,"apotheosis:beeshelf":1,"minecraft:fletching_table":14,"minecraft:dirt_path":6,"minecraft:oak_stairs":1,"create:gearshift":2,"minecraft:pink_tulip":4,"minecraft:iron_block":4,"create:mechanical_press":3,"minecraft:tripwire":2,"minecraft:piston_head":1,"create:cogwheel":23,"minecraft:kelp_plant":5,"minecraft:crimson_nylium":15,"minecraft:soul_fire":3,"minecraft:torch":33,"minecraft:blast_furnace":3,"farmersdelight:cabbages":1,"alexscaves:sulfur_bud_small":1,"minecraft:glass":6,"minecraft:sugar_cane":14,"minecraft:crimson_stairs":8,"minecraft:cherry_slab":41,"create:basin":3,"minecraft:white_terracotta":2,"create:portable_storage_interface":2,"quark:cherry_bookshelf":1,"apotheosis:dormant_deepshelf":1,"minecraft:wheat":37,"create:mechanical_mixer":4,"minecraft:waxed_copper_block":3,"minecraft:stone_brick_stairs":3,"minecraft:warped_fungus":4,"minecraft:grass":219,"create:hand_crank":6,"alexscaves:radon_lamp_green":1,"minecraft:smooth_basalt":7,"minecraft:stonecutter":2,"create:linear_chassis":15,"minecraft:deepslate":335,"minecraft:stripped_crimson_stem":4,"minecraft:piston":6,"alexscaves:acidic_radrock":1,"minecraft:mossy_cobblestone":18,"alexscaves:radrock":94,"minecraft:cherry_sapling":87,"minecraft:dark_oak_log":28,"minecraft:nether_bricks":48,"minecraft:allium":3,"minecraft:crimson_roots":7,"minecraft:redstone_wire":2,"minecraft:kelp":1,"farmersdelight:wild_onions":10,"twilightforest:etched_nagastone":3,"create:secondary_linear_chassis":4,"create:shaft":13,"minecraft:andesite":635,"twilightforest:twilight_oak_leaves":8,"minecraft:potatoes":18,"minecraft:vine":3,"create:cart_assembler":13,"minecraft:cobblestone_slab":8,"minecraft:rail":271,"create:deployer":14,"trials:waxed_copper_grate":1,"minecraft:bamboo":7,"minecraft:smithing_table":1,"minecraft:oak_slab":1,"create:cut_deepslate_bricks":70,"minecraft:cherry_planks":170,"minecraft:soul_sand":1,"dungeonnowloading:mossy_cobblestone_pebbles":1,"minecraft:stone_brick_slab":1,"minecraft:dandelion":4,"apotheosis:blazing_hellshelf":3,"minecraft:cornflower":2,"create:water_wheel":2,"minecraft:tall_grass":28,"minecraft:deepslate_gold_ore":43,"create:water_wheel_structure":1,"create:redstone_link":1,"create:mechanical_saw":2,"create:blaze_burner":2,"farmersdelight:skillet":1,"minecraft:coarse_dirt":2,"minecraft:trapped_chest":1,"create:gearbox":5,"minecraft:spruce_log":9,"alexscaves:rusty_barrel":5,"create:mechanical_drill":2,"minecraft:gravel":45,"minecraft:dripstone_block":1,"minecraft:cobweb":23,"minecraft:oak_button":1,"minecraft:stone_bricks":9,"create:andesite_funnel":3,"minecraft:gold_ore":10,"minecraft:fern":5,"minecraft:farmland":17,"quark:cherry_chest":15,"minecraft:brewing_stand":2,"minecraft:cherry_trapdoor":15,"minecraft:grass_block":685,"alexscaves:sulfur":18,"minecraft:frosted_ice":6,"minecraft:composter":8,"minecraft:gilded_blackstone":16,"minecraft:glowstone":16,"farmersdelight:rice":1,"minecraft:iron_ore":113,"toms_storage:ts.storage_terminal":2,"toms_storage:ts.trim":4,"minecraft:anvil":4,"minecraft:green_stained_glass":1,"minecraft:red_tulip":4,"minecraft:iron_bars":10,"alexscaves:underweed":2,"alexscaves:sulfur_bud_large":1,"minecraft:deepslate_redstone_ore":33,"create:radial_chassis":1,"minecraft:blackstone":133,"minecraft:orange_terracotta":1,"minecraft:clay":1,"minecraft:light_gray_terracotta":1,"minecraft:calcite":2,"minecraft:poppy":4,"minecraft:chest":11,"twilightforest:twilight_oak_log":31,"minecraft:nether_quartz_ore":11,"minecraft:cobblestone":353,"minecraft:slime_block":2,"minecraft:oak_planks":1,"minecraft:iron_door":1,"minecraft:wall_torch":26,"minecraft:pink_petals":214,"minecraft:seagrass":2,"minecraft:warped_nylium":7,"minecraft:powered_rail":54,"minecraft:dark_oak_slab":1,"minecraft:tnt":2,"minecraft:orange_tulip":2,"minecraft:oak_log":22,"alexscaves:cinder_block":1,"minecraft:waxed_oxidized_copper":1,"minecraft:dirt":567,"minecraft:sand":63,"minecraft:crimson_planks":31,"alexscaves:unrefined_waste":7,"minecraft:netherrack":193,"minecraft:oak_leaves":25,"minecraft:emerald_block":8,"alexscaves:spelunkery_table":1,"minecraft:diamond_ore":9,"minecraft:tuff":31,"apotheosis:seashelf":6,"minecraft:candle":5,"minecraft:deepslate_diamond_ore":90,"minecraft:dark_oak_leaves":6,"trials:tuff_bricks":13,"minecraft:stripped_cherry_log":337,"minecraft:lever":8,"alexscaves:sulfur_cluster":5,"create:large_cogwheel":4,"minecraft:decorated_pot":14,"minecraft:white_stained_glass":2,"create:depot":2,"minecraft:sandstone":1,"minecraft:crimson_stem":2,"minecraft:spruce_leaves":4,"minecraft:large_fern":4,"minecraft:hay_block":21,"alexscaves:radrock_uranium_ore":15,"minecraft:furnace":15,"minecraft:carrots":38,"minecraft:nether_sprouts":1,"minecraft:gold_block":1,"minecraft:peony":10,"minecraft:bookshelf":33,"minecraft:deepslate_iron_ore":87,"minecraft:white_tulip":6,"minecraft:stone":1157,"minecraft:redstone_wall_torch":5,"farmersdelight:cooking_pot":2,"minecraft:scaffolding":3,"trials:chiseled_tuff_bricks":1,"minecraft:basalt":162,"minecraft:spruce_door":1,"minecraft:oak_fence":2,"minecraft:crafting_table":14,"minecraft:lectern":308,"minecraft:stone_slab":1,"minecraft:lapis_ore":2,"minecraft:prismarine_bricks":41,"minecraft:birch_planks":2,"create:mechanical_harvester":16,"quark:water_pink_petals":1,"minecraft:beehive":2,"minecraft:redstone_torch":20,"minecraft:yellow_bed":1,"alexscaves:waste_drum":5,"trials:polished_tuff":14,"minecraft:coal_ore":97,"minecraft:cherry_leaves":129,"minecraft:polished_andesite":3,"minecraft:mossy_stone_bricks":3},"minecraft:crafted":{"minecraft:smooth_stone":17,"minecraft:cherry_wood":6,"alexsmobs:animal_dictionary":1,"minecraft:blaze_powder":2,"minecraft:zombie_head":5,"minecraft:lever":27,"minecraft:diamond_shovel":2,"create:item_vault":9,"apotheosis:sigil_of_rebirth":12,"quark:deepslate_furnace":1,"minecraft:bookshelf":24,"patchouli:guide_book":1,"create:radial_chassis":3,"create:vertical_gearbox":2,"minecraft:glass":60,"minecraft:repeater":2,"create:andesite_funnel":2,"apotheosis:reforging_table":1,"minecraft:diamond_helmet":6,"minecraft:diamond_leggings":6,"create:mechanical_press":1,"minecraft:beacon":1,"create:brass_funnel":4,"minecraft:magenta_dye":3,"create:cogwheel":31,"create:mechanical_plough":1,"apotheosis:glowing_hellshelf":3,"minecraft:glass_bottle":30,"minecraft:furnace_minecart":1,"minecraft:redstone_lamp":1,"toms_storage:ts.crafting_terminal":1,"minecraft:deepslate":1113,"minecraft:wooden_shovel":4,"create:rose_quartz":9,"quark:pathfinders_quill":1,"minecraft:emerald":1290,"minecraft:cooked_porkchop":14,"alexscaves:uranium_rod":4,"minecraft:spruce_door":3,"minecraft:smithing_table":2,"alexscaves:raygun":1,"minecraft:copper_ingot":35,"minecraft:sticky_piston":2,"minecraft:fletching_table":5,"minecraft:campfire":3,"create:mechanical_mixer":1,"create:gearbox":2,"minecraft:lectern":11,"apotheosis:hellshelf":3,"apotheosis:gem_cutting_table":1,"quark:limestone":32,"exposure:lightroom":2,"minecraft:iron_pickaxe":1,"minecraft:iron_block":5,"minecraft:gold_ingot":126,"create:large_cogwheel":5,"minecraft:light_gray_dye":1,"minecraft:composter":3,"minecraft:nautilus_shell":10,"farmersdelight:onion":18,"apotheosis:dormant_deepshelf":2,"minecraft:golden_carrot":299,"create:wrench":1,"minecraft:iron_nugget":627,"minecraft:spyglass":1,"minecraft:bone_meal":513,"minecraft:pink_dye":2,"quark:cherry_bookshelf":20,"minecraft:wither_skeleton_skull":3,"minecraft:cherry_trapdoor":98,"minecraft:lantern":3,"twilightforest:twilight_oak_planks":4,"minecraft:cherry_stairs":4,"minecraft:diamond_boots":4,"minecraft:stone_pickaxe":1,"farmersdelight:rice":12,"minecraft:blue_orchid":3,"apotheosis:simple_reforging_table":1,"toms_storage:ts.inventory_connector":1,"create:electron_tube":9,"create:belt_connector":3,"minecraft:chainmail_leggings":12,"minecraft:wheat":99,"minecraft:purple_stained_glass_pane":8,"minecraft:light_gray_terracotta":7,"minecraft:enchanting_table":1,"minecraft:dried_kelp":4,"create:goggles":1,"farmersdelight:cooking_pot":4,"sophisticatedbackpacks:gold_backpack":1,"minecraft:glowstone":18,"minecraft:enchanted_book":81,"minecraft:crimson_stairs":48,"minecraft:golden_apple":4,"minecraft:fermented_spider_eye":4,"minecraft:iron_leggings":15,"minecraft:white_bed":4,"create:shaft":64,"trials:wind_charge":12,"alexsmobs:tendon_whip":1,"minecraft:golden_hoe":1,"minecraft:brick":100,"alexscaves:waste_drum":1,"minecraft:oak_planks":24,"alexscaves:polymer_plate":20,"minecraft:cobblestone_slab":198,"minecraft:barrel":11,"minecraft:cherry_slab":456,"quark:cherry_ladder":28,"minecraft:cherry_boat":4,"alexsmobs:sombrero":1,"minecraft:stone":1097,"create:mechanical_harvester":13,"create:mechanical_bearing":2,"quark:cherry_chest":53,"create:deployer":7,"minecraft:suspicious_stew":7,"minecraft:green_dye":2,"minecraft:hopper":3,"alexscaves:hazmat_mask":1,"minecraft:bow":4,"minecraft:iron_boots":2,"create:cart_assembler":1,"toms_storage:ts.storage_terminal":1,"minecraft:comparator":4,"minecraft:chest":8,"quark:crimson_bookshelf":3,"minecraft:oak_button":1,"minecraft:chiseled_stone_bricks":52,"minecraft:rail":96,"minecraft:bricks":22,"create:brass_hand":7,"minecraft:smoker":1,"farmersdelight:stove":4,"farmersdelight:tomato_seeds":9,"minecraft:dropper":1,"create:depot":1,"sophisticatedbackpacks:backpack":1,"minecraft:crafting_table":31,"minecraft:spruce_planks":40,"create:mechanical_saw":5,"minecraft:iron_helmet":3,"minecraft:wooden_pickaxe":1,"minecraft:baked_potato":565,"minecraft:cherry_button":69,"toms_storage:ts.wireless_terminal":1,"create:sand_paper":2,"minecraft:gold_block":4,"minecraft:brewing_stand":2,"minecraft:dispenser":3,"apotheosis:beeshelf":1,"farmersdelight:cutting_board":1,"minecraft:purple_dye":2,"minecraft:emerald_block":37,"minecraft:iron_chestplate":1,"minecraft:book":10,"minecraft:diamond_pickaxe":2,"minecraft:paper":21,"minecraft:yellow_dye":1,"create:water_wheel":3,"minecraft:shield":11,"create:portable_storage_interface":2,"create:super_glue":1,"sophisticatedbackpacks:diamond_backpack":1,"minecraft:stick":2392,"minecraft:iron_ingot":318,"minecraft:stone_sword":1,"toms_storage:ts.trim":8,"apotheosis:seashelf":8,"minecraft:redstone_torch":16,"alexscaves:metal_barrel":1,"minecraft:deepslate_bricks":1,"minecraft:light_gray_stained_glass_pane":8,"minecraft:shears":2,"create:empty_blaze_burner":1,"create:chute":4,"minecraft:cherry_planks":3141,"minecraft:cookie":144,"minecraft:redstone":20,"minecraft:coal":63,"minecraft:fishing_rod":1,"minecraft:furnace":7,"minecraft:blast_furnace":4,"minecraft:piston":15,"apotheosis:salvaging_table":1,"minecraft:enchanted_golden_apple":1,"alexscaves:cave_map":2,"minecraft:glass_pane":48,"minecraft:flint_and_steel":1,"minecraft:scaffolding":6,"minecraft:polished_deepslate":5,"minecraft:iron_axe":1,"minecraft:iron_hoe":1,"create:basin":1,"minecraft:honey_block":2,"exposure:color_film":1,"minecraft:observer":2,"minecraft:minecart":5,"exposure:camera":1,"sophisticatedbackpacks:iron_backpack":1,"minecraft:cooked_beef":8,"minecraft:sugar":65,"minecraft:red_dye":2,"minecraft:crimson_planks":684,"create:andesite_alloy":273,"create:hand_crank":1,"minecraft:diamond_sword":5,"minecraft:cyan_dye":2,"minecraft:iron_trapdoor":1,"alexscaves:hazmat_chestplate":1,"create:large_water_wheel":1,"farmersdelight:cabbage_seeds":1,"minecraft:bucket":12,"apotheosis:gem_fused_slate":16,"alexscaves:nuclear_furnace_component":8,"minecraft:bread":37,"minecraft:air":0,"minecraft:blue_dye":9,"exposure:developed_color_film":1,"alexsmobs:maraca":2,"create:whisk":1,"minecraft:gold_nugget":126,"create:secondary_linear_chassis":12,"minecraft:pink_stained_glass_pane":8,"create:linear_chassis":24,"minecraft:stonecutter":2,"minecraft:anvil":1,"create:mechanical_drill":25,"minecraft:torch":164,"create:zinc_ingot":9,"minecraft:lapis_lazuli":21,"minecraft:diamond_chestplate":4},"minecraft:dropped":{"alexscaves:sulfur_dust":2,"minecraft:porkchop":6,"minecraft:glow_ink_sac":3,"minecraft:glass_bottle":5,"minecraft:diamond":1,"minecraft:crafting_table":2,"minecraft:cooked_porkchop":11,"alexscaves:uranium_rod":2,"minecraft:weeping_vines":2,"minecraft:cookie":144,"create:cogwheel":1,"minecraft:mossy_stone_brick_stairs":2,"minecraft:cracked_stone_bricks":3,"minecraft:rail":12,"minecraft:leather_helmet":2,"minecraft:emerald":1,"minecraft:dirt":217,"trials:breeze_rod":4,"minecraft:stone_button":1,"twilightforest:mossy_nagastone_pillar":2,"minecraft:gold_nugget":5,"minecraft:sand":2,"minecraft:iron_pickaxe":1,"alexscaves:raygun":1,"minecraft:small_amethyst_bud":5,"minecraft:white_wool":1,"minecraft:bone":57,"minecraft:green_wool":1,"minecraft:cherry_boat":1,"minecraft:sugar_cane":458,"minecraft:lever":1,"artifacts:power_glove":1,"minecraft:iron_nugget":9,"minecraft:golden_chestplate":1,"alexscaves:polymer_plate":3,"minecraft:cobbled_deepslate":335,"minecraft:gray_banner":1,"dungeonnowloading:wooden_wall_rack":1,"minecraft:blue_wool":1,"minecraft:wheat":457,"minecraft:obsidian":1,"tombstone:gift":2,"farmersdelight:cabbage":118,"minecraft:rotten_flesh":131,"minecraft:waxed_copper_block":1,"alexscaves:radon_bottle":3,"farmersdelight:rice_panicle":85,"alexsmobs:blood_sac":1,"minecraft:tipped_arrow":2,"twilightforest:cracked_nagastone_pillar":2,"create:limestone":106,"create:wrench":1,"minecraft:leather_boots":1,"apotheosis:gem":6,"minecraft:ladder":1,"tombstone:scroll_of_knowledge":1,"exposure:photograph":1,"minecraft:stone_brick_stairs":2,"minecraft:lectern":1,"minecraft:egg":1,"farmersdelight:tomato_seeds":1,"minecraft:enchanted_book":7,"minecraft:iron_ingot":2,"minecraft:wheat_seeds":2232,"minecraft:cobbled_deepslate_wall":3,"minecraft:cobblestone":1441,"minecraft:book":7,"alexscaves:hazmat_mask":1,"twilightforest:etched_nagastone":4,"minecraft:music_disc_pigstep":1,"minecraft:spruce_door":3,"minecraft:chainmail_helmet":1,"minecraft:coal":65,"minecraft:crimson_stairs":1,"minecraft:golden_carrot":61,"minecraft:wooden_axe":3,"minecraft:cherry_planks":82,"minecraft:potion":1,"minecraft:dead_bush":2,"alexscaves:toxic_paste":2,"minecraft:golden_hoe":1,"minecraft:iron_shovel":1,"minecraft:chainmail_leggings":2,"minecraft:string":31,"create:sand_paper":1,"create:raw_zinc":4,"minecraft:pink_tulip":5,"minecraft:furnace":1,"alexscaves:uranium":15,"minecraft:stone_sword":2,"minecraft:bowl":2,"minecraft:deepslate":1,"minecraft:chicken":5,"minecraft:clay_ball":4,"minecraft:stone_slab":1,"minecraft:cherry_slab":10,"minecraft:name_tag":1,"minecraft:shears":1,"minecraft:suspicious_stew":6,"minecraft:diamond_sword":2,"minecraft:big_dripleaf":2,"minecraft:potato":846,"minecraft:stone":1,"minecraft:flower_pot":1,"minecraft:peony":4,"minecraft:bundle":2,"minecraft:spruce_planks":1,"create:zinc_ingot":30,"trials:polished_tuff":3,"minecraft:redstone_torch":7,"minecraft:barrel":1,"artifacts:onion_ring":1,"minecraft:stone_bricks":14,"minecraft:spider_eye":22,"minecraft:bamboo":40,"sophisticatedbackpacks:copper_backpack":2,"minecraft:bow":4,"waystones:waystone":1,"farmersdelight:tomato":228,"create:belt_connector":1,"create:super_glue":1,"minecraft:baked_potato":138,"minecraft:leather":7,"farmersdelight:rice":1,"minecraft:flint":6,"minecraft:cod":5,"minecraft:cobblestone_stairs":2,"tombstone:bag_of_seeds":2,"farmersdelight:onion":10,"twilightforest:cracked_etched_nagastone":2,"alexscaves:fissile_core":1,"minecraft:gravel":36,"minecraft:white_tulip":5,"minecraft:crimson_fungus":5,"minecraft:blackstone":128,"trials:tuff_bricks":9,"alexscaves:radrock":4,"create:cut_deepslate_bricks":190,"minecraft:cherry_sapling":52,"minecraft:beetroot":1,"minecraft:carrot":449,"patchouli:guide_book":1,"minecraft:chiseled_stone_bricks":2,"minecraft:leather_chestplate":1,"minecraft:gunpowder":22,"comforts:sleeping_bag_white":3,"minecraft:basalt":9,"minecraft:iron_ore":7,"minecraft:iron_bars":3,"minecraft:arrow":19,"minecraft:powered_rail":1,"minecraft:scaffolding":6,"twilightforest:nagastone_pillar":1,"minecraft:splash_potion":1,"minecraft:netherrack":195,"create:andesite_alloy":7,"minecraft:water_bucket":1,"minecraft:bread":1,"minecraft:cherry_log":133,"minecraft:mossy_cobblestone":2,"minecraft:minecart":3,"minecraft:poisonous_potato":19,"minecraft:copper_ingot":33,"minecraft:tropical_fish":2,"minecraft:grass_block":2,"minecraft:stick":59,"alexsmobs:maraca":1,"quark:clear_shard":3,"minecraft:milk_bucket":2,"minecraft:diorite":32,"minecraft:torch":21,"twilightforest:spiral_bricks":10,"instrumentalmobs:french_horn":1,"tombstone:grave_key":1,"tombstone:grave_dust":40,"minecraft:iron_leggings":1,"trials:trial_key":1,"minecraft:pink_petals":205,"minecraft:bucket":1,"minecraft:redstone":5,"minecraft:smooth_basalt":7,"farmersdelight:rotten_tomato":28,"minecraft:sweet_berries":2,"minecraft:kelp":7,"alexsmobs:maggot":11,"artifacts:kitty_slippers":1,"minecraft:coarse_dirt":4,"minecraft:light_gray_terracotta":3,"minecraft:tuff":9,"farmersdelight:cabbage_seeds":1533,"comforts:hammock_white":3,"minecraft:iron_hoe":1,"minecraft:filled_map":1,"alexscaves:radgill":2,"twilightforest:mossy_etched_nagastone":3,"minecraft:shield":7,"minecraft:diamond_chestplate":1,"minecraft:iron_chestplate":1,"minecraft:andesite":3,"minecraft:mossy_stone_bricks":2,"minecraft:pink_wool":1,"minecraft:golden_leggings":1,"minecraft:diamond_boots":1,"minecraft:slime_ball":12,"minecraft:calcite":27}},"DataVersion":3465}