{
  "create:root": {
    "criteria": {
      "0": "2024-08-17 02:21:55 +0000"
    },
    "done": true
  },
  "cataclysm:root": {
    "criteria": {
      "custom_test_name": "2024-08-17 02:21:55 +0000"
    },
    "done": true
  },
  "farmersdelight:main/root": {
    "criteria": {
      "seeds": "2024-08-17 02:21:55 +0000"
    },
    "done": true
  },
  "tombstone:adventure/root": {
    "criteria": {
      "auto": "2024-08-17 02:21:57 +0000"
    },
    "done": true
  },
  "minecraft:adventure/adventuring_time": {
    "criteria": {
      "minecraft:deep_ocean": "2024-08-17 19:44:53 +0000",
      "minecraft:frozen_river": "2024-08-18 19:13:26 +0000",
      "minecraft:cherry_grove": "2024-08-17 02:21:57 +0000",
      "minecraft:sunflower_plains": "2024-08-18 18:58:03 +0000",
      "minecraft:birch_forest": "2024-08-17 19:53:45 +0000",
      "minecraft:wooded_badlands": "2024-08-21 03:40:45 +0000",
      "minecraft:badlands": "2024-08-27 04:13:42 +0000",
      "minecraft:savanna_plateau": "2024-08-17 19:04:43 +0000",
      "minecraft:beach": "2024-08-17 19:51:41 +0000",
      "minecraft:river": "2024-08-17 04:09:48 +0000",
      "minecraft:lukewarm_ocean": "2024-08-26 21:52:54 +0000",
      "minecraft:snowy_plains": "2024-08-18 19:46:35 +0000",
      "minecraft:dripstone_caves": "2024-08-17 20:04:16 +0000",
      "minecraft:cold_ocean": "2024-08-17 18:17:22 +0000",
      "minecraft:forest": "2024-08-17 18:17:57 +0000",
      "minecraft:lush_caves": "2024-08-17 18:15:47 +0000",
      "minecraft:frozen_ocean": "2024-08-24 04:01:31 +0000",
      "minecraft:desert": "2024-08-19 21:31:01 +0000",
      "minecraft:windswept_forest": "2024-08-17 19:58:21 +0000",
      "minecraft:ocean": "2024-08-17 19:44:33 +0000",
      "minecraft:snowy_beach": "2024-08-24 04:01:25 +0000",
      "minecraft:windswept_savanna": "2024-08-17 19:57:05 +0000",
      "minecraft:warm_ocean": "2024-08-21 03:41:10 +0000",
      "minecraft:deep_lukewarm_ocean": "2024-08-26 21:42:51 +0000",
      "minecraft:old_growth_birch_forest": "2024-08-17 19:53:25 +0000",
      "minecraft:meadow": "2024-08-17 04:13:07 +0000",
      "minecraft:savanna": "2024-08-29 04:04:51 +0000",
      "minecraft:plains": "2024-08-17 19:29:19 +0000"
    },
    "done": false
  },
  "tombstone:adventure/first_grave": {
    "criteria": {
      "coded_trigger": "2024-08-17 04:05:01 +0000"
    },
    "done": true
  },
  "tombstone:recipes/from_grave_key": {
    "criteria": {
      "has_ingredient": "2024-08-17 04:05:02 +0000"
    },
    "done": true
  },
  "tombstone:adventure/cancel_ghostly_shape": {
    "criteria": {
      "coded_trigger": "2024-08-17 04:05:12 +0000"
    },
    "done": true
  },
  "dungeonnowloading:story/root": {
    "criteria": {
      "obtain_crafting_table": "2024-08-17 04:06:17 +0000"
    },
    "done": true
  },
  "minecraft:story/root": {
    "criteria": {
      "crafting_table": "2024-08-17 04:06:17 +0000"
    },
    "done": true
  },
  "minecraft:story/mine_stone": {
    "criteria": {
      "get_stone": "2024-08-17 04:06:30 +0000"
    },
    "done": true
  },
  "minecraft:story/upgrade_tools": {
    "criteria": {
      "stone_pickaxe": "2024-08-17 04:06:39 +0000"
    },
    "done": true
  },
  "minecraft:adventure/root": {
    "criteria": {
      "killed_something": "2024-08-17 04:10:18 +0000"
    },
    "done": true
  },
  "minecraft:husbandry/root": {
    "criteria": {
      "consumed_item": "2024-08-17 04:12:04 +0000"
    },
    "done": true
  },
  "minecraft:husbandry/balanced_diet": {
    "criteria": {
      "cooked_porkchop": "2024-08-17 04:35:00 +0000",
      "cooked_mutton": "2024-08-17 18:38:43 +0000",
      "cooked_beef": "2024-08-17 04:12:04 +0000",
      "baked_potato": "2024-08-17 19:22:05 +0000",
      "apple": "2024-08-21 03:17:00 +0000",
      "potato": "2024-08-24 03:50:19 +0000",
      "bread": "2024-08-18 19:55:56 +0000",
      "golden_apple": "2024-08-21 03:36:19 +0000",
      "rotten_flesh": "2024-08-17 04:49:30 +0000",
      "suspicious_stew": "2024-08-18 19:59:52 +0000",
      "golden_carrot": "2024-08-18 19:56:48 +0000",
      "cooked_salmon": "2024-08-17 04:16:48 +0000",
      "carrot": "2024-08-21 03:42:18 +0000"
    },
    "done": false
  },
  "minecraft:story/iron_tools": {
    "criteria": {
      "iron_pickaxe": "2024-08-17 04:12:46 +0000"
    },
    "done": true
  },
  "minecraft:story/smelt_iron": {
    "criteria": {
      "iron": "2024-08-17 04:21:23 +0000"
    },
    "done": true
  },
  "minecraft:adventure/kill_all_mobs": {
    "criteria": {
      "minecraft:blaze": "2024-08-24 05:25:10 +0000",
      "minecraft:pillager": "2024-08-25 20:51:28 +0000",
      "minecraft:skeleton": "2024-08-17 04:22:07 +0000",
      "minecraft:ghast": "2024-08-27 20:09:35 +0000",
      "minecraft:hoglin": "2024-08-27 20:29:01 +0000",
      "minecraft:guardian": "2024-08-27 19:08:46 +0000",
      "minecraft:vindicator": "2024-08-27 19:08:20 +0000",
      "minecraft:magma_cube": "2024-08-27 20:48:20 +0000",
      "minecraft:spider": "2024-08-17 04:30:48 +0000",
      "minecraft:piglin_brute": "2024-08-27 20:24:44 +0000",
      "minecraft:creeper": "2024-08-17 20:05:41 +0000",
      "minecraft:slime": "2024-08-25 20:57:39 +0000",
      "quark:forgotten": "2024-08-21 03:37:37 +0000",
      "minecraft:phantom": "2024-08-17 19:27:32 +0000",
      "minecraft:zombified_piglin": "2024-08-27 20:24:00 +0000",
      "minecraft:witch": "2024-08-25 06:37:08 +0000",
      "minecraft:wither_skeleton": "2024-08-24 05:24:57 +0000",
      "minecraft:husk": "2024-08-24 01:00:20 +0000",
      "minecraft:cave_spider": "2024-08-18 19:16:00 +0000",
      "minecraft:piglin": "2024-08-27 04:06:41 +0000",
      "minecraft:stray": "2024-08-24 20:25:23 +0000",
      "minecraft:enderman": "2024-08-26 05:26:44 +0000",
      "minecraft:silverfish": "2024-08-26 04:31:25 +0000",
      "minecraft:vex": "2024-08-26 19:53:46 +0000",
      "minecraft:zombie": "2024-08-17 04:24:50 +0000",
      "quark:foxhound": "2024-08-24 05:37:20 +0000",
      "minecraft:drowned": "2024-08-26 04:56:37 +0000",
      "minecraft:zombie_villager": "2024-08-19 20:56:29 +0000"
    },
    "done": false
  },
  "minecraft:adventure/kill_a_mob": {
    "criteria": {
      "minecraft:skeleton": "2024-08-17 04:22:07 +0000"
    },
    "done": true
  },
  "minecraft:story/obtain_armor": {
    "criteria": {
      "iron_chestplate": "2024-08-17 04:30:34 +0000"
    },
    "done": true
  },
  "artifacts:amateur_archaeologist": {
    "criteria": {
      "find_artifact": "2024-08-17 04:30:39 +0000"
    },
    "done": true
  },
  "tombstone:adventure/find_grave_dust": {
    "criteria": {
      "from_undead": "2024-08-17 04:30:57 +0000"
    },
    "done": true
  },
  "tombstone:adventure/first_knowledge": {
    "criteria": {
      "coded_trigger": "2024-08-17 04:30:57 +0000"
    },
    "done": true
  },
  "tombstone:recipes/from_grave_dust": {
    "criteria": {
      "has_ingredient": "2024-08-17 04:30:57 +0000"
    },
    "done": true
  },
  "minecraft:story/mine_diamond": {
    "criteria": {
      "diamond": "2024-08-17 04:31:34 +0000"
    },
    "done": true
  },
  "minecraft:story/lava_bucket": {
    "criteria": {
      "lava_bucket": "2024-08-17 04:36:22 +0000"
    },
    "done": true
  },
  "alexsmobs:alexsmobs/rocky_roller": {
    "criteria": {
      "killed_by": "2024-08-17 04:39:43 +0000"
    },
    "done": true
  },
  "tombstone:adventure/ashes_and_bones": {
    "criteria": {
      "coded_trigger": "2024-08-17 04:43:30 +0000"
    },
    "done": true
  },
  "cataclysm:find_ancient_factory": {
    "criteria": {
      "factory": "2024-08-17 04:46:32 +0000"
    },
    "done": true
  },
  "alexscaves:alexscaves/root": {
    "criteria": {
      "underground_cabin": "2024-08-17 04:53:11 +0000"
    },
    "done": true
  },
  "alexscaves:alexscaves/cave_tablet": {
    "criteria": {
      "cave_tablet": "2024-08-17 04:53:17 +0000"
    },
    "done": true
  },
  "alexscaves:alexscaves/cave_codex": {
    "criteria": {
      "cave_codex": "2024-08-17 18:05:48 +0000"
    },
    "done": true
  },
  "alexscaves:alexscaves/cave_map": {
    "criteria": {
      "cave_map": "2024-08-17 18:06:20 +0000"
    },
    "done": true
  },
  "minecraft:husbandry/axolotl_in_a_bucket": {
    "criteria": {
      "axolotl_bucket": "2024-08-17 18:17:00 +0000"
    },
    "done": true
  },
  "artifacts:chest_slayer": {
    "criteria": {
      "kill_mimic": "2024-08-17 18:22:56 +0000"
    },
    "done": true
  },
  "alexscaves:alexscaves/cave_book": {
    "criteria": {
      "cave_book": "2024-08-17 18:23:08 +0000"
    },
    "done": true
  },
  "minecraft:husbandry/tame_an_animal": {
    "criteria": {
      "tamed_animal": "2024-08-17 19:00:52 +0000"
    },
    "done": true
  },
  "farmersdelight:main/plant_all_crops": {
    "criteria": {
      "cabbage": "2024-08-24 20:09:45 +0000",
      "tomato": "2024-08-26 05:37:07 +0000",
      "rice": "2024-08-26 05:37:12 +0000",
      "sugar_cane": "2024-08-24 20:03:04 +0000",
      "potato": "2024-08-17 19:20:21 +0000",
      "wheat": "2024-08-21 03:15:47 +0000",
      "carrot": "2024-08-21 03:42:35 +0000"
    },
    "done": false
  },
  "minecraft:adventure/sleep_in_bed": {
    "criteria": {
      "slept_in_bed": "2024-08-17 19:27:04 +0000"
    },
    "done": true
  },
  "tombstone:adventure/ambush": {
    "criteria": {
      "coded_trigger": "2024-08-17 19:27:32 +0000"
    },
    "done": true
  },
  "farmersdelight:main/craft_knife": {
    "criteria": {
      "golden_knife": "2024-08-17 19:56:53 +0000"
    },
    "done": true
  },
  "alexscaves:alexscaves/discover_toxic_caves": {
    "criteria": {
      "discover": "2024-08-17 20:04:53 +0000"
    },
    "done": true
  },
  "alexscaves:alexscaves/enter_acid_with_armor": {
    "criteria": {
      "enter_acid_with_armor": "2024-08-17 20:06:05 +0000"
    },
    "done": true
  },
  "alexscaves:alexscaves/uranium_rod": {
    "criteria": {
      "limestone": "2024-08-17 20:09:30 +0000"
    },
    "done": true
  },
  "alexscaves:alexscaves/uranium": {
    "criteria": {
      "uranium": "2024-08-17 20:16:59 +0000"
    },
    "done": true
  },
  "alexscaves:alexscaves/radon_bottle": {
    "criteria": {
      "radon_bottle": "2024-08-17 20:20:35 +0000"
    },
    "done": true
  },
  "alexscaves:alexscaves/sulfur_dust": {
    "criteria": {
      "sulfur_dust": "2024-08-17 20:28:06 +0000"
    },
    "done": true
  },
  "alexscaves:alexscaves/hazmat_armor": {
    "criteria": {
      "shirt": "2024-08-17 20:48:11 +0000",
      "pants": "2024-08-17 20:32:11 +0000",
      "helmet": "2024-08-17 20:47:26 +0000",
      "boots": "2024-08-17 20:32:10 +0000"
    },
    "done": true
  },
  "tombstone:adventure/strong_or_careful": {
    "criteria": {
      "coded_trigger": "2024-08-17 20:37:50 +0000"
    },
    "done": true
  },
  "alexscaves:alexscaves/defeat_brainiac": {
    "criteria": {
      "killed": "2024-08-17 20:45:24 +0000"
    },
    "done": true
  },
  "alexscaves:alexscaves/toxic_paste": {
    "criteria": {
      "toxic_paste": "2024-08-17 20:45:27 +0000"
    },
    "done": true
  },
  "alexscaves:alexscaves/polymer_plate": {
    "criteria": {
      "cooked_dinosaur_chop": "2024-08-17 20:47:14 +0000"
    },
    "done": true
  },
  "alexscaves:alexscaves/radgill_bucket": {
    "criteria": {
      "radgill_bucket": "2024-08-17 20:50:09 +0000"
    },
    "done": true
  },
  "alexscaves:alexscaves/defeat_nucleeper": {
    "criteria": {
      "killed": "2024-08-17 20:50:39 +0000"
    },
    "done": true
  },
  "alexscaves:alexscaves/tame_raycat": {
    "criteria": {
      "killed": "2024-08-17 20:52:39 +0000"
    },
    "done": true
  },
  "alexscaves:alexscaves/raygun": {
    "criteria": {
      "raygun": "2024-08-17 20:56:18 +0000"
    },
    "done": true
  },
  "tombstone:adventure/bone_crusher": {
    "criteria": {
      "coded_trigger": "2024-08-17 21:15:11 +0000"
    },
    "done": true
  },
  "alexscaves:alexscaves/eat_radiation_foods": {
    "criteria": {
      "spelunkie": "2024-08-17 21:46:11 +0000"
    },
    "done": false
  },
  "alexscaves:alexscaves/nuclear_furnace_component": {
    "criteria": {
      "raygun": "2024-08-17 22:04:08 +0000"
    },
    "done": true
  },
  "create:copper": {
    "criteria": {
      "0": "2024-08-18 19:04:56 +0000"
    },
    "done": true
  },
  "exposure:adventure/exposure": {
    "criteria": {
      "expose_frame": "2024-08-18 19:06:04 +0000"
    },
    "done": true
  },
  "nova_structures:adventure/find_all_illager_structures": {
    "criteria": {
      "swamp_village": "2024-08-18 19:08:53 +0000",
      "pillager_outpost": "2024-08-25 21:49:58 +0000"
    },
    "done": false
  },
  "nova_structures:adventure/find_swamp_village": {
    "criteria": {
      "minecraft:village_swamp": "2024-08-18 19:08:53 +0000"
    },
    "done": true
  },
  "farmersdelight:main/get_fd_seed": {
    "criteria": {
      "onion": "2024-08-18 19:12:01 +0000"
    },
    "done": true
  },
  "minecraft:story/deflect_arrow": {
    "criteria": {
      "deflected_projectile": "2024-08-18 19:29:20 +0000"
    },
    "done": true
  },
  "dungeonnowloading:story/labyrinth/loot_simple_dungeon": {
    "criteria": {
      "loot_simple_dungeon": "2024-08-18 19:29:33 +0000"
    },
    "done": true
  },
  "dungeonnowloading:story/labyrinth/find_labyrinth": {
    "criteria": {
      "find_labyrinth": "2024-08-18 19:31:39 +0000"
    },
    "done": true
  },
  "minecraft:story/shiny_gear": {
    "criteria": {
      "diamond_helmet": "2024-08-18 19:33:47 +0000"
    },
    "done": true
  },
  "minecraft:adventure/shoot_arrow": {
    "criteria": {
      "shot_arrow": "2024-08-18 19:51:35 +0000"
    },
    "done": true
  },
  "minecraft:nether/brew_potion": {
    "criteria": {
      "potion": "2024-08-18 20:01:54 +0000"
    },
    "done": true
  },
  "comforts:sleeping_bag_light_blue": {
    "criteria": {
      "has_the_recipe": "2024-08-19 20:31:14 +0000"
    },
    "done": true
  },
  "comforts:hammock_purple": {
    "criteria": {
      "has_the_recipe": "2024-08-19 20:31:14 +0000"
    },
    "done": true
  },
  "comforts:sleeping_bag_pink": {
    "criteria": {
      "has_the_recipe": "2024-08-19 20:31:14 +0000"
    },
    "done": true
  },
  "comforts:hammock_magenta": {
    "criteria": {
      "has_the_recipe": "2024-08-19 20:31:14 +0000"
    },
    "done": true
  },
  "comforts:hammock_red": {
    "criteria": {
      "has_the_recipe": "2024-08-19 20:31:14 +0000"
    },
    "done": true
  },
  "comforts:sleeping_bag_white": {
    "criteria": {
      "has_the_recipe": "2024-08-19 20:31:14 +0000"
    },
    "done": true
  },
  "comforts:sleeping_bag_gray": {
    "criteria": {
      "has_the_recipe": "2024-08-19 20:31:14 +0000"
    },
    "done": true
  },
  "comforts:rope_and_nail": {
    "criteria": {
      "has_the_recipe": "2024-08-19 20:31:14 +0000"
    },
    "done": true
  },
  "toms_storage:unlock_glowstone": {
    "criteria": {
      "inv_changed-glowstone": "2024-08-19 20:31:14 +0000"
    },
    "done": true
  },
  "comforts:sleeping_bag_cyan": {
    "criteria": {
      "has_the_recipe": "2024-08-19 20:31:14 +0000"
    },
    "done": true
  },
  "comforts:sleeping_bag_light_gray": {
    "criteria": {
      "has_the_recipe": "2024-08-19 20:31:14 +0000"
    },
    "done": true
  },
  "comforts:hammock_black": {
    "criteria": {
      "has_the_recipe": "2024-08-19 20:31:14 +0000"
    },
    "done": true
  },
  "comforts:hammock_gray": {
    "criteria": {
      "has_the_recipe": "2024-08-19 20:31:14 +0000"
    },
    "done": true
  },
  "comforts:hammock_cyan": {
    "criteria": {
      "has_the_recipe": "2024-08-19 20:31:14 +0000"
    },
    "done": true
  },
  "comforts:sleeping_bag_purple": {
    "criteria": {
      "has_the_recipe": "2024-08-19 20:31:14 +0000"
    },
    "done": true
  },
  "comforts:sleeping_bag_green": {
    "criteria": {
      "has_the_recipe": "2024-08-19 20:31:14 +0000"
    },
    "done": true
  },
  "comforts:hammock_light_blue": {
    "criteria": {
      "has_the_recipe": "2024-08-19 20:31:14 +0000"
    },
    "done": true
  },
  "toms_storage:unlock_dia_pearl": {
    "criteria": {
      "inv_changed-ender_pearl": "2024-08-19 20:31:14 +0000",
      "inv_changed-diamond": "2024-08-19 20:31:14 +0000"
    },
    "done": true
  },
  "comforts:sleeping_bag_magenta": {
    "criteria": {
      "has_the_recipe": "2024-08-19 20:31:14 +0000"
    },
    "done": true
  },
  "comforts:hammock_green": {
    "criteria": {
      "has_the_recipe": "2024-08-19 20:31:14 +0000"
    },
    "done": true
  },
  "comforts:sleeping_bag_black": {
    "criteria": {
      "has_the_recipe": "2024-08-19 20:31:14 +0000"
    },
    "done": true
  },
  "comforts:hammock_lime": {
    "criteria": {
      "has_the_recipe": "2024-08-19 20:31:14 +0000"
    },
    "done": true
  },
  "comforts:sleeping_bag_red": {
    "criteria": {
      "has_the_recipe": "2024-08-19 20:31:14 +0000"
    },
    "done": true
  },
  "comforts:sleeping_bag_orange": {
    "criteria": {
      "has_the_recipe": "2024-08-19 20:31:14 +0000"
    },
    "done": true
  },
  "comforts:hammock_blue": {
    "criteria": {
      "has_the_recipe": "2024-08-19 20:31:14 +0000"
    },
    "done": true
  },
  "comforts:hammock_white": {
    "criteria": {
      "has_the_recipe": "2024-08-19 20:31:14 +0000"
    },
    "done": true
  },
  "toms_storage:unlock_netherite": {
    "criteria": {
      "inv_changed-netherite": "2024-08-19 20:31:14 +0000"
    },
    "done": true
  },
  "comforts:hammock_light_gray": {
    "criteria": {
      "has_the_recipe": "2024-08-19 20:31:14 +0000"
    },
    "done": true
  },
  "comforts:sleeping_bag_brown": {
    "criteria": {
      "has_the_recipe": "2024-08-19 20:31:14 +0000"
    },
    "done": true
  },
  "comforts:hammock_pink": {
    "criteria": {
      "has_the_recipe": "2024-08-19 20:31:14 +0000"
    },
    "done": true
  },
  "comforts:hammock_brown": {
    "criteria": {
      "has_the_recipe": "2024-08-19 20:31:14 +0000"
    },
    "done": true
  },
  "comforts:sleeping_bag_lime": {
    "criteria": {
      "has_the_recipe": "2024-08-19 20:31:14 +0000"
    },
    "done": true
  },
  "apotheosis:give_book": {
    "criteria": {
      "tick": "2024-08-19 20:31:14 +0000"
    },
    "done": true
  },
  "comforts:hammock_yellow": {
    "criteria": {
      "has_the_recipe": "2024-08-19 20:31:14 +0000"
    },
    "done": true
  },
  "comforts:sleeping_bag_blue": {
    "criteria": {
      "has_the_recipe": "2024-08-19 20:31:14 +0000"
    },
    "done": true
  },
  "toms_storage:unlock_chest": {
    "criteria": {
      "inv_changed-chest": "2024-08-19 20:31:14 +0000"
    },
    "done": true
  },
  "comforts:sleeping_bag_yellow": {
    "criteria": {
      "has_the_recipe": "2024-08-19 20:31:14 +0000"
    },
    "done": true
  },
  "comforts:hammock_orange": {
    "criteria": {
      "has_the_recipe": "2024-08-19 20:31:14 +0000"
    },
    "done": true
  },
  "apotheosis:affix/rare": {
    "criteria": {
      "sword": "2024-08-19 20:58:57 +0000"
    },
    "done": true
  },
  "apotheosis:affix/boss": {
    "criteria": {
      "sword": "2024-08-19 20:58:57 +0000"
    },
    "done": true
  },
  "apotheosis:affix/root": {
    "criteria": {
      "sword": "2024-08-19 20:58:57 +0000"
    },
    "done": true
  },
  "apotheosis:affix/gem": {
    "criteria": {
      "gem": "2024-08-19 20:58:58 +0000"
    },
    "done": true
  },
  "apotheosis:affix/chests": {
    "criteria": {
      "sword": "2024-08-19 21:26:32 +0000"
    },
    "done": true
  },
  "minecraft:story/form_obsidian": {
    "criteria": {
      "obsidian": "2024-08-19 21:28:46 +0000"
    },
    "done": true
  },
  "minecraft:nether/root": {
    "criteria": {
      "entered_nether": "2024-08-19 21:34:29 +0000"
    },
    "done": true
  },
  "minecraft:story/enter_the_nether": {
    "criteria": {
      "entered_nether": "2024-08-19 21:34:29 +0000"
    },
    "done": true
  },
  "minecraft:nether/explore_nether": {
    "criteria": {
      "minecraft:crimson_forest": "2024-08-27 20:19:13 +0000",
      "minecraft:soul_sand_valley": "2024-08-19 21:34:32 +0000",
      "minecraft:nether_wastes": "2024-08-24 00:48:10 +0000",
      "minecraft:basalt_deltas": "2024-08-24 00:48:21 +0000",
      "minecraft:warped_forest": "2024-08-27 20:22:05 +0000"
    },
    "done": true
  },
  "alexsmobs:alexsmobs/murmur": {
    "criteria": {
      "killed_by": "2024-08-19 21:57:26 +0000"
    },
    "done": true
  },
  "apotheosis:affix/random": {
    "criteria": {
      "sword": "2024-08-19 22:01:46 +0000"
    },
    "done": true
  },
  "minecraft:husbandry/plant_seed": {
    "criteria": {
      "wheat": "2024-08-21 03:15:47 +0000"
    },
    "done": true
  },
  "alexsmobs:alexsmobs/guster": {
    "criteria": {
      "killed_by": "2024-08-21 03:47:30 +0000"
    },
    "done": true
  },
  "tombstone:adventure/create_magic_scroll": {
    "criteria": {
      "has_magic_scroll": "2024-08-21 03:55:30 +0000"
    },
    "done": true
  },
  "apotheosis:enchanting/enchanter": {
    "criteria": {
      "enchanting_table": "2024-08-21 03:56:21 +0000"
    },
    "done": true
  },
  "minecraft:adventure/trade": {
    "criteria": {
      "traded": "2024-08-21 04:22:33 +0000"
    },
    "done": true
  },
  "apotheosis:affix/rare_gem": {
    "criteria": {
      "gem": "2024-08-21 04:25:06 +0000"
    },
    "done": true
  },
  "create:andesite_alloy": {
    "criteria": {
      "0": "2024-08-21 04:30:10 +0000"
    },
    "done": true
  },
  "create:andesite_casing": {
    "criteria": {
      "0": "2024-08-21 04:31:25 +0000"
    },
    "done": true
  },
  "create:water_wheel": {
    "criteria": {
      "0": "2024-08-21 04:44:52 +0000"
    },
    "done": true
  },
  "create:belt": {
    "criteria": {
      "0": "2024-08-21 04:49:49 +0000"
    },
    "done": true
  },
  "create:mechanical_press": {
    "criteria": {
      "0": "2024-08-21 04:52:30 +0000"
    },
    "done": true
  },
  "create:chute": {
    "criteria": {
      "0": "2024-08-21 04:54:10 +0000"
    },
    "done": true
  },
  "tombstone:adventure/neighborhood_brawl": {
    "criteria": {
      "coded_trigger": "2024-08-22 02:23:53 +0000"
    },
    "done": true
  },
  "minecraft:adventure/salvage_sherd": {
    "criteria": {
      "has_sherd": "2024-08-24 01:17:46 +0000"
    },
    "done": false
  },
  "nova_structures:nether/find_nether_skeleton": {
    "criteria": {
      "minecraft:fortress": "2024-08-24 01:26:09 +0000"
    },
    "done": false
  },
  "minecraft:nether/find_fortress": {
    "criteria": {
      "fortress": "2024-08-24 01:26:09 +0000"
    },
    "done": true
  },
  "create:burner": {
    "criteria": {
      "0": "2024-08-24 01:26:24 +0000"
    },
    "done": true
  },
  "alexsmobs:alexsmobs/soul_vulture": {
    "criteria": {
      "killed_by": "2024-08-24 01:33:55 +0000"
    },
    "done": true
  },
  "create:wrench_goggles": {
    "criteria": {
      "0": "2024-08-24 02:34:14 +0000",
      "1": "2024-08-24 01:55:55 +0000"
    },
    "done": true
  },
  "create:shifting_gears": {
    "criteria": {
      "0": "2024-08-24 01:59:04 +0000"
    },
    "done": true
  },
  "create:mechanical_mixer": {
    "criteria": {
      "0": "2024-08-24 02:19:01 +0000"
    },
    "done": true
  },
  "create:brass": {
    "criteria": {
      "0": "2024-08-24 02:19:15 +0000"
    },
    "done": true
  },
  "create:rose_quartz": {
    "criteria": {
      "0": "2024-08-24 02:22:44 +0000"
    },
    "done": true
  },
  "create:super_glue": {
    "criteria": {
      "0": "2024-08-24 03:04:14 +0000"
    },
    "done": true
  },
  "create:contraption_actors": {
    "criteria": {
      "0": "2024-08-24 03:12:52 +0000"
    },
    "done": true
  },
  "alexsmobs:alexsmobs/orcas_might": {
    "criteria": {
      "all_effects": "2024-08-24 04:02:16 +0000"
    },
    "done": true
  },
  "instrumentalmobs:main/root": {
    "criteria": {
      "drum_zombie": "2024-08-24 04:24:10 +0000"
    },
    "done": true
  },
  "instrumentalmobs:main/drum": {
    "criteria": {
      "instrument": "2024-08-24 04:24:13 +0000"
    },
    "done": true
  },
  "minecraft:nether/obtain_blaze_rod": {
    "criteria": {
      "blaze_rod": "2024-08-24 05:25:12 +0000"
    },
    "done": true
  },
  "apotheosis:affix/mythic_gem": {
    "criteria": {
      "gem": "2024-08-24 05:25:51 +0000"
    },
    "done": true
  },
  "tombstone:adventure/create_voodoo_poppet": {
    "criteria": {
      "has_voodoo_poppet": "2024-08-24 05:27:35 +0000"
    },
    "done": true
  },
  "tombstone:adventure/enchant_voodoo_poppet": {
    "criteria": {
      "has_enchanted_voodoo_poppet": "2024-08-24 05:27:35 +0000"
    },
    "done": true
  },
  "tombstone:adventure/create_magic_tablet": {
    "criteria": {
      "has_magic_tablet": "2024-08-24 05:29:32 +0000"
    },
    "done": true
  },
  "minecraft:story/cure_zombie_villager": {
    "criteria": {
      "cured_zombie": "2024-08-24 06:21:01 +0000"
    },
    "done": true
  },
  "minecraft:nether/get_wither_skull": {
    "criteria": {
      "wither_skull": "2024-08-24 06:23:02 +0000"
    },
    "done": true
  },
  "create:portable_storage_interface": {
    "criteria": {
      "0": "2024-08-24 20:03:32 +0000"
    },
    "done": true
  },
  "tombstone:adventure/crime_in_town": {
    "criteria": {
      "coded_trigger": "2024-08-25 19:58:13 +0000"
    },
    "done": true
  },
  "alexsmobs:alexsmobs/crocodile": {
    "criteria": {
      "killed_by": "2024-08-25 20:35:54 +0000"
    },
    "done": true
  },
  "instrumentalmobs:main/french_horn": {
    "criteria": {
      "instrument": "2024-08-25 20:41:30 +0000"
    },
    "done": true
  },
  "nova_structures:adventure/find_pillager_outpost": {
    "criteria": {
      "minecraft:pillager_outpost": "2024-08-25 21:49:58 +0000"
    },
    "done": true
  },
  "tombstone:adventure/fortuitous_militia": {
    "criteria": {
      "coded_trigger": "2024-08-25 21:50:56 +0000"
    },
    "done": true
  },
  "minecraft:adventure/voluntary_exile": {
    "criteria": {
      "voluntary_exile": "2024-08-25 21:52:08 +0000"
    },
    "done": true
  },
  "minecraft:adventure/throw_trident": {
    "criteria": {
      "shot_trident": "2024-08-26 04:48:30 +0000"
    },
    "done": true
  },
  "exposure:adventure/moment_in_time": {
    "criteria": {
      "get_photograph": "2024-08-26 05:24:55 +0000"
    },
    "done": true
  },
  "farmersdelight:main/plant_rice": {
    "criteria": {
      "plant_rice": "2024-08-26 05:37:12 +0000"
    },
    "done": true
  },
  "minecraft:husbandry/fishy_business": {
    "criteria": {
      "cod": "2024-08-26 06:06:19 +0000"
    },
    "done": true
  },
  "apotheosis:enchanting/seashelf": {
    "criteria": {
      "seashelf": "2024-08-26 06:14:41 +0000"
    },
    "done": true
  },
  "apotheosis:enchanting/enchanting_stats": {
    "criteria": {
      "enchanted_item": "2024-08-26 06:32:11 +0000"
    },
    "done": true
  },
  "apotheosis:enchanting/30ench": {
    "criteria": {
      "enchanted_item": "2024-08-26 06:32:11 +0000"
    },
    "done": true
  },
  "minecraft:story/enchant_item": {
    "criteria": {
      "enchanted_item": "2024-08-26 06:32:11 +0000"
    },
    "done": true
  },
  "tombstone:adventure/almost_unkillable": {
    "criteria": {
      "coded_trigger": "2024-08-26 20:14:20 +0000"
    },
    "done": true
  },
  "apotheosis:enchanting/bookshelf": {
    "criteria": {
      "bookshelf": "2024-08-27 01:53:12 +0000"
    },
    "done": true
  },
  "apotheosis:spawner/root": {
    "criteria": {
      "spawner": "2024-08-27 02:01:23 +0000"
    },
    "done": true
  },
  "apotheosis:affix/epic": {
    "criteria": {
      "sword": "2024-08-27 04:06:52 +0000"
    },
    "done": true
  },
  "alexsmobs:alexsmobs/rattlesnake": {
    "criteria": {
      "killed": "2024-08-27 04:15:51 +0000"
    },
    "done": true
  },
  "alexsmobs:alexsmobs/maraca": {
    "criteria": {
      "maraca": "2024-08-27 04:16:09 +0000"
    },
    "done": true
  },
  "alexscaves:alexscaves/deepsight": {
    "criteria": {
      "all_effects": "2024-08-27 04:36:00 +0000"
    },
    "done": true
  },
  "farmersdelight:main/eat_nourishing_food": {
    "criteria": {
      "nourishment": "2024-08-27 18:39:58 +0000"
    },
    "done": true
  },
  "alexsmobs:alexsmobs/seagull_steal": {
    "criteria": {
      "ex": "2024-08-27 18:46:59 +0000"
    },
    "done": true
  },
  "minecraft:husbandry/wax_off": {
    "criteria": {
      "wax_off": "2024-08-27 19:11:51 +0000"
    },
    "done": true
  },
  "apotheosis:spawner/capturing": {
    "criteria": {
      "egg": "2024-08-27 19:57:09 +0000"
    },
    "done": true
  },
  "minecraft:nether/find_bastion": {
    "criteria": {
      "bastion": "2024-08-27 20:25:39 +0000"
    },
    "done": true
  },
  "minecraft:nether/loot_bastion": {
    "criteria": {
      "loot_bastion_other": "2024-08-27 20:25:40 +0000"
    },
    "done": true
  },
  "minecraft:nether/obtain_ancient_debris": {
    "criteria": {
      "ancient_debris": "2024-08-27 20:28:28 +0000"
    },
    "done": true
  },
  "farmersdelight:main/get_ham": {
    "criteria": {
      "ham": "2024-08-27 20:29:11 +0000"
    },
    "done": true
  },
  "minecraft:nether/obtain_crying_obsidian": {
    "criteria": {
      "crying_obsidian": "2024-08-27 20:31:56 +0000"
    },
    "done": true
  },
  "minecraft:nether/summon_wither": {
    "criteria": {
      "summoned": "2024-08-27 20:58:11 +0000"
    },
    "done": true
  },
  "minecraft:nether/create_beacon": {
    "criteria": {
      "beacon": "2024-08-27 21:03:37 +0000"
    },
    "done": true
  },
  "instrumentalmobs:main/xylophone": {
    "criteria": {
      "instrument": "2024-08-28 22:38:42 +0000"
    },
    "done": true
  },
  "twilightforest:root": {
    "criteria": {
      "make_portal": "2024-08-28 22:40:19 +0000"
    },
    "done": true
  },
  "twilightforest:twilight_hunter": {
    "criteria": {
      "naga": "2024-08-28 22:42:42 +0000"
    },
    "done": true
  },
  "twilightforest:progress_naga": {
    "criteria": {
      "naga": "2024-08-28 22:42:42 +0000"
    },
    "done": true
  },
  "twilightforest:progress_lich": {
    "criteria": {
      "kill_naga": "2024-08-28 22:42:42 +0000"
    },
    "done": false
  },
  "twilightforest:arborist": {
    "criteria": {
      "towerwood": "2024-09-05 15:13:02 +0000",
      "twilight_oak_log": "2024-08-28 22:46:32 +0000",
      "twilight_oak_sapling": "2024-08-28 22:47:45 +0000"
    },
    "done": false
  },
  "tombstone:adventure/village_defender": {
    "criteria": {
      "coded_trigger": "2024-08-28 23:03:10 +0000"
    },
    "done": true
  },
  "alexsmobs:alexsmobs/root": {
    "criteria": {
      "useitem": "2024-08-28 23:16:57 +0000"
    },
    "done": true
  },
  "alexsmobs:alexsmobs/tigers_blessing": {
    "criteria": {
      "all_effects": "2024-08-28 23:22:09 +0000"
    },
    "done": true
  },
  "exposure:adventure/spotlight": {
    "criteria": {
      "take_selfie": "2024-08-29 03:23:56 +0000"
    },
    "done": true
  },
  "create:saw_processing": {
    "criteria": {
      "0": "2024-09-04 20:17:26 +0000"
    },
    "done": true
  },
  "apotheosis:affix/merchant": {
    "criteria": {
      "sword": "2024-09-05 15:35:44 +0000"
    },
    "done": true
  },
  "DataVersion": 3465
}